.structStaticCharacterROMEntry 1,.structDynamicCharacterROMEntry,.structEnemyCharacterROMEntry,Type,HP,STR,MAG,SKL,SPD,DEF,RES,LUK,Class,Level,LeadershipStars,Money,ID,Name,GenerationID,Gender,Unknown,HPGrowth,STRGrowth,MAGGrowth,SKLGrowth,SPDGrowth,DEFGrowth,RESGrowth,LUKGrowth,Skills1,Skills2,Skills3,Ancestry1,Ancestry2,Equipment1,Equipment2,UniqueEquipment,Influence
Sigurd,,,UnitTypeStatic,35,4,0,4,5,2,0,7,KnightLord,5,2,5,$0001,SigurdName,$01,GenderMale,0,70,30,5,30,30,40,5,20,UnitSkill1FollowUp,None,None,PrimaryBaldrAncestry,None,PI_SteelSword1,PI_IronLance1,NoItem,
Naoise,,,UnitTypeStatic,33,4,0,1,2,2,0,4,Cavalier,3,0,2,$0002,NaoiseName,$02,GenderMale,0,80,40,5,30,20,40,5,20,None,UnitSkill2Critical | UnitSkill2Onslaught,None,None,None,PI_SteelSword3,NoItem,NoItem,
Alec,,,UnitTypeStatic,32,2,0,3,4,1,0,4,Cavalier,2,0,2,$0003,AlecName,$03,GenderMale,0,70,30,5,40,30,30,5,30,UnitSkill1FollowUp | UnitSkill1Nihil,None,None,None,None,PI_IronSword1,NoItem,NoItem,
Arden,,,UnitTypeStatic,36,4,0,0,1,3,0,3,SwordArmor,3,0,2,$0004,ArdenName,$04,GenderMale,0,90,50,5,10,20,40,5,10,None,UnitSkill2Vantage,None,None,None,PI_IronSword3,NoItem,NoItem,
Finn,,,UnitTypeStatic,32,2,0,2,4,1,0,8,LanceKnight,1,0,2,$0005,FinnName,$05,GenderMale,0,70,30,5,40,30,30,5,50,UnitSkill1FollowUp | UnitSkill1Miracle,None,UnitSkill3Escape,None,None,PI_IronLance2,NoItem,NoItem,
Quan,,,UnitTypeStatic,34,4,0,3,3,2,0,5,Banneret,4,2,5,$0006,QuanName,$06,GenderMale,0,70,30,5,30,20,30,5,10,UnitSkill1Adept,None,UnitSkill3Escape,PrimaryNjorunAncestry,None,PI_SteelLance1,PI_Javelin1,NoItem,
Midir,,,UnitTypeStatic,32,2,0,1,3,1,0,3,ArcherKnight,2,0,2,$0007,MidirName,$07,GenderMale,0,60,30,5,30,40,30,5,10,UnitSkill1FollowUp,UnitSkill2Onslaught,None,None,None,PI_IronBow1,NoItem,NoItem,
Lewyn,,,UnitTypeStatic,34,1,5,5,6,2,2,7,Bard,6,0,8,$0008,LewynName,$08,GenderMale,0,50,10,30,40,30,20,10,20,UnitSkill1Adept,UnitSkill2Critical,None,None,PrimaryForsetiAncestry,PI_Elwind,NoItem,NoItem,
Chulainn,,,UnitTypeStatic,40,7,0,7,7,6,1,1,SwordFighter,12,0,10,$0009,ChulainnName,$09,GenderMale,0,90,30,5,50,30,30,5,20,None,UnitSkill2Luna,None,SecondaryOdAncestry,None,PI_IronBlade1,NoItem,NoItem,
Azelle,,,UnitTypeStatic,30,0,3,1,3,1,1,2,Mage,1,0,5,$000A,AzelleName,$0A,GenderMale,0,50,10,10,20,50,20,10,20,UnitSkill1FollowUp,None,None,SecondaryFjalarAncestry,None,PI_Fire1,NoItem,NoItem,
Jamke,,,UnitTypeStatic,36,4,0,4,4,4,0,4,BowFighter,6,1,5,$000B,JamkeName,$0B,GenderMale,0,90,50,0,10,30,30,5,40,UnitSkill1Adept,UnitSkill2Onslaught,None,None,None,PI_KillerBow,NoItem,NoItem,
Claud,,,UnitTypeStatic,34,0,9,5,7,2,12,9,HighPriest,20,0,10,$000C,ClaudName,$0C,GenderMale,0,50,10,20,20,30,20,10,30,None,None,None,None,PrimaryBragiAncestry,PI_Fortify,PI_ValkyrieStaff,NoItem,
Beowolf,,,UnitTypeStatic,38,7,0,5,5,4,0,3,FreeKnight,9,0,2,$000D,BeowolfName,$0D,GenderMale,0,80,40,0,40,30,30,5,20,UnitSkill1FollowUp,UnitSkill2Onslaught,None,None,None,PI_SteelSword2,NoItem,NoItem,
Lex,,,UnitTypeStatic,33,3,0,4,5,3,0,8,AxeKnight,4,0,5,$000E,LexName,$0E,GenderMale,0,70,40,5,20,20,20,5,20,None,UnitSkill2Vantage,UnitSkill3Paragon,SecondaryNalAncestry,None,PI_IronAxe1,NoItem,NoItem,
Dew,,,UnitTypeStatic,28,0,0,3,8,0,0,12,Thief,1,0,15,$000F,DewName,$0F,GenderMale,0,50,40,10,40,40,40,10,40,None,UnitSkill2Sol,UnitSkill3Bargain,None,None,PI_IronSword4,NoItem,NoItem,
Deirdre,,,UnitTypeStatic,26,0,6,2,5,0,6,6,Shaman,3,0,1,$0010,DeirdreName,$10,GenderFemale,0,40,10,10,20,10,10,10,10,UnitSkill1PoW | UnitSkill1Nihil,None,None,PrimaryNagaAncestry,SecondaryLoptousAncestry,PI_SilenceStaff,PI_Aura,NoItem,
Ethlyn,,,UnitTypeStatic,28,2,5,5,6,1,3,8,Troubadour,1,0,4,$0011,EthlynName,$11,GenderFemale,0,40,20,5,20,30,20,10,10,None,UnitSkill2Critical,UnitSkill3Escape,SecondaryBaldrAncestry,None,PI_SlimSword1,PI_HealStaff1,NoItem,
Lachesis,,,UnitTypeStatic,26,1,1,4,5,2,2,5,Princess,2,0,10,$0012,LachesisName,$12,GenderFemale,0,40,20,5,10,20,20,10,40,UnitSkill1Charm,None,None,None,SecondaryHothrAncestry,PI_PrayerSword,PI_HealStaff2,NoItem,
Ayra,,,UnitTypeStatic,32,4,0,6,7,2,1,3,SwordFighter,4,0,3,$0013,AyraName,$13,GenderFemale,0,50,30,5,30,30,20,5,20,UnitSkill1Nihil,UnitSkill2Astra,None,SecondaryOdAncestry,None,PI_IronBlade2,NoItem,NoItem,
Erinys,,,UnitTypeStatic,32,4,1,5,6,4,2,7,PegasusKnight,6,1,8,$0014,ErinysName,$14,GenderFemale,0,50,20,10,20,30,30,10,20,UnitSkill1FollowUp,None,None,None,None,PI_SlimLance1,NoItem,NoItem,
Tailtiu,,,UnitTypeStatic,28,0,3,6,4,0,4,9,ThunderMage,3,0,5,$0015,TailtiuName,$15,GenderFemale,0,40,10,20,30,40,10,10,50,UnitSkill1Wrath,None,None,None,SecondaryThrudAncestry,PI_Thoron,PI_Thunder1,NoItem,
Silvia,,,UnitTypeStatic,28,0,0,3,5,0,2,6,Dancer,1,0,5,$0016,SilviaName,$16,GenderFemale,0,40,10,20,10,10,10,20,20,UnitSkill1Adept | UnitSkill1Miracle,None,None,None,SecondaryBragiAncestry,PI_SlimSword3,NoItem,NoItem,
Edain,,,UnitTypeStatic,28,0,6,2,3,0,3,11,Priest,3,0,5,$0017,EdainName,$17,GenderFemale,0,50,20,30,20,30,20,5,30,None,None,None,SecondaryUllrAncestry,None,PI_MendStaff1,NoItem,NoItem,
Brigid,,,UnitTypeStatic,40,8,0,10,9,7,6,7,Sniper,12,0,10,$0018,BrigidName,$18,GenderFemale,0,50,30,20,30,20,20,5,10,None,None,None,PrimaryUllrAncestry,None,PI_SteelBow1,NoItem,NoItem,
,Seliph,,UnitTypeDynamic,,,,,,,,,Lordling,1,,,$0019,SeliphName,$01,GenderMale,,,,,,,,,,,,,,,PI_SlimSword4,NoItem,,1
Shannan,,,UnitTypeStatic,38,6,0,7,8,6,1,10,Swordmaster,12,0,5,$001A,ShannaName,$02,GenderMale,0,80,30,5,20,20,40,5,20,None,UnitSkill2Astra,None,PrimaryOdAncestry,None,PI_SteelBlade2,NoItem,NoItem,
Dalvin,,,UnitTypeStatic,30,3,0,3,3,3,0,4,SwordFighter,1,0,2,$001B,DalvinName,$03,GenderMale,0,80,30,5,50,30,30,5,20,None,UnitSkill2Vantage,None,None,None,PI_IronBlade3,NoItem,NoItem,
Asaello,,,UnitTypeStatic,36,5,1,5,5,5,1,3,BowFighter,9,0,2,$001C,AsaelloName,$04,GenderMale,0,90,40,5,10,20,30,5,60,None,UnitSkill2Onslaught,None,None,None,PI_SilverBow2,NoItem,NoItem,
,Leif,,UnitTypeDynamic,,,,,,,,,Prince,1,,,$001D,LeifName,$05,GenderMale,,,,,,,,,,,,,,,NoItem,NoItem,,0
Iuchar,,,UnitTypeStatic,40,8,0,4,6,6,1,5,AxeKnight,12,0,5,$001E,IucharName,$06,GenderMale,0,90,40,5,20,50,30,5,10,None,UnitSkill2Vantage,None,SecondaryNalAncestry,None,PI_SteelAxe2,NoItem,PI_SpeedRing1,
Charlot,,,UnitTypeStatic,24,0,4,2,3,2,2,3,Priest,1,0,5,$001F,CharlotName,$07,GenderMale,0,70,10,50,20,20,10,30,30,None,None,UnitSkill3Paragon,None,None,PI_PhysicStaff2,NoItem,NoItem,
Hawk,,,UnitTypeStatic,38,3,7,6,8,6,5,4,Sage,14,0,5,$0020,HawkName,$08,GenderMale,0,60,10,20,20,50,20,10,20,UnitSkill1FollowUp,None,None,None,None,PI_Lightning1,NoItem,NoItem,
Tristan,,,UnitTypeStatic,30,4,0,4,4,4,0,5,FreeKnight,3,0,5,$0021,TristanName,$09,GenderMale,0,130,30,5,30,20,30,5,10,None,UnitSkill2Critical,None,None,None,PI_IronSword5,NoItem,NoItem,
AdultFinn,,,UnitTypeStatic,0,0,0,0,0,0,0,0,LanceKnight,0,0,0,$0022,AdultFinnName,$0A,GenderMale,0,70,30,5,40,30,30,5,50,UnitSkill1FollowUp | UnitSkill1Miracle,None,None,None,None,PI_IronLance4,NoItem,NoItem,
Deimne,,,UnitTypeStatic,30,2,0,1,3,2,0,3,ArcherKnight,1,0,2,$0023,DeimneName,$0B,GenderMale,0,90,30,5,50,20,40,5,30,UnitSkill1FollowUp,None,None,None,None,PI_IronBow2,NoItem,NoItem,
Hannibal,,,UnitTypeStatic,60,10,0,10,6,10,3,7,General,20,5,5,$0024,HannibalName,$0C,GenderMale,0,60,50,5,10,10,30,5,10,UnitSkill1Adept,UnitSkill2Vantage,None,None,None,PI_SilverBlade2,PI_WingClipper2,NoItem,
Ares,,,UnitTypeStatic,40,6,4,6,7,6,4,6,Cavalier,7,0,3,$0025,AresName,$0D,GenderMale,0,90,30,5,20,30,40,30,50,UnitSkill1FollowUp | UnitSkill1Adept,UnitSkill2Vantage,None,None,PrimaryHothrAncestry,PI_Mystletainn,PI_IronLance5,NoItem,
Amid,,,UnitTypeStatic,29,1,4,4,5,3,4,6,WindMage,2,0,3,$0026,AmidName,$0E,GenderMale,0,70,20,40,20,40,20,20,20,UnitSkill1Adept,None,None,None,SecondaryThrudAncestry,PI_Wind2,NoItem,NoItem,
Oifey,,,UnitTypeStatic,40,7,4,8,7,8,3,8,Paladin,15,0,5,$0027,OifeyName,$0F,GenderMale,0,80,30,5,40,30,30,10,30,UnitSkill1FollowUp,UnitSkill2Critical,None,SecondaryBaldrAncestry,None,PI_IronbaneSword2,PI_Javelin3,NoItem,
Daisy,,,UnitTypeStatic,24,0,1,1,6,1,3,6,Thief,1,0,5,$0028,DaisyName,$10,GenderFemale,0,50,10,10,30,50,20,10,30,UnitSkill1Miracle,None,None,None,None,PI_SleepSword,NoItem,NoItem,
Creidne,,,UnitTypeStatic,28,2,0,3,5,2,1,3,SwordFighter,1,0,2,$0029,CreidneName,$11,GenderFemale,0,70,40,5,30,40,30,20,20,None,None,None,None,None,PI_IronBlade4,NoItem,NoItem,
Muirne,,,UnitTypeStatic,24,0,3,1,4,0,3,5,Priest,1,0,2,$002A,MuirneName,$12,GenderFemale,0,50,10,30,20,20,10,20,40,None,None,None,None,None,PI_HealStaff3,NoItem,NoItem,
Julia,,,UnitTypeStatic,24,0,3,1,4,0,4,5,Shaman,1,0,2,$002B,JuliaName,$13,GenderFemale,0,50,10,30,20,30,10,10,30,UnitSkill1FollowUp | UnitSkill1Adept | UnitSkill1PoW | UnitSkill1Nihil,None,None,SecondaryFjalarAncestry | PrimaryNagaAncestry,None,NoItem,NoItem,NoItem,
,Altena,,UnitTypeDynamic,,,,,,,,,WyvernKnight,17,,,$002C,AltenaName,$14,GenderFemale,,,,,,,,,,,,,,,PI_GaeBolg,NoItem,,1
Hermina,,,UnitTypeStatic,28,3,1,2,4,2,2,3,PegasusKnight,2,0,3,$002D,HerminaName,$15,GenderFemale,0,60,30,10,20,50,20,5,50,UnitSkill1Adept,None,None,None,None,PI_SlimLance2,PI_BerserkSword,NoItem,
Linda,,,UnitTypeStatic,26,0,4,3,3,1,2,2,ThunderMage,3,0,5,$002E,LindaName,$16,GenderFemale,0,70,10,40,10,30,10,20,20,UnitSkill1Wrath,None,UnitSkill3Paragon,None,SecondaryThrudAncestry,PI_Elthunder,NoItem,NoItem,
Laylea,,,UnitTypeStatic,24,1,0,0,6,0,1,4,Dancer,3,0,3,$002F,LayleaName,$17,GenderFemale,0,50,50,10,20,40,20,20,30,UnitSkill1Charm,None,None,None,None,NoItem,NoItem,NoItem,
Jeanne,,,UnitTypeStatic,30,3,4,3,5,2,3,4,Troubadour,3,0,2,$0030,JeanneName,$18,GenderFemale,0,60,20,20,50,20,30,20,10,None,None,None,None,None,PI_IronSword6,PI_MendStaff3,NoItem,
Iucharba,,,UnitTypeStatic,42,8,0,4,6,6,1,5,AxeFighter,12,0,5,$0031,IucharbaName,$06,GenderMale,0,90,40,0,50,10,30,5,10,None,UnitSkill2Onslaught,None,SecondaryNalAncestry,None,PI_SteelAxe3,NoItem,PI_ParagonRing,
,Scathach,,UnitTypeDynamic,,,,,,,,,SwordFighter,1,,,$0032,ScathachName,$03,GenderMale,,,,,,,,,,,,,,,PI_IronBlade3,NoItem,,1
,Febail,,UnitTypeDynamic,,,,,,,,,BowFighter,9,,,$0033,FebailName,$04,GenderMale,,,,,,,,,,,,,,,PI_SilverBow2,NoItem,,0
,Coirpre,,UnitTypeDynamic,,,,,,,,,Priest,1,,,$0034,CoirpreName,$07,GenderMale,,,,,,,,,,,,,,,PI_PhysicStaff2,NoItem,,1
,Ced,,UnitTypeDynamic,,,,,,,,,Sage,14,,,$0035,CedName,$08,GenderMale,,,,,,,,,,,,,,,PI_Lightning1,NoItem,,1
,Diarmuid,,UnitTypeDynamic,,,,,,,,,FreeKnight,3,,,$0036,DiarmuidName,$09,GenderMale,,,,,,,,,,,,,,,PI_IronSword5,NoItem,,1
,Lester,,UnitTypeDynamic,,,,,,,,,ArcherKnight,1,,,$0037,LesterName,$0B,GenderMale,,,,,,,,,,,,,,,PI_IronBow2,NoItem,,1
,Arthur,,UnitTypeDynamic,,,,,,,,,Mage,2,,,$0038,ArthurName,$0E,GenderMale,,,,,,,,,,,,,,,PI_Wind2,NoItem,,1
,Patty,,UnitTypeDynamic,,,,,,,,,Thief,1,,,$0039,PattyName,$10,GenderFemale,,,,,,,,,,,,,,,PI_SleepSword,NoItem,,1
,Larcei,,UnitTypeDynamic,,,,,,,,,SwordFighter,1,,,$003A,LarceiName,$11,GenderFemale,,,,,,,,,,,,,,,PI_IronBlade4,NoItem,,0
,Lana,,UnitTypeDynamic,,,,,,,,,Priest,1,,,$003B,LanaName,$12,GenderFemale,,,,,,,,,,,,,,,PI_HealStaff3,NoItem,,0
,Fee,,UnitTypeDynamic,,,,,,,,,PegasusKnight,2,,,$003C,FeeName,$15,GenderFemale,,,,,,,,,,,,,,,PI_SlimLance2,PI_BerserkSword,,0
,Tine,,UnitTypeDynamic,,,,,,,,,Mage,3,,,$003D,TineName,$16,GenderFemale,,,,,,,,,,,,,,,PI_Elthunder,NoItem,,0
,Lene,,UnitTypeDynamic,,,,,,,,,Dancer,3,,,$003E,LeneName,$17,GenderFemale,,,,,,,,,,,,,,,NoItem,NoItem,,0
,Nanna,,UnitTypeDynamic,,,,,,,,,Troubadour,3,,,$003F,NannaName,$18,GenderFemale,,,,,,,,,,,,,,,PI_IronSword6,PI_MendStaff3,,0
,,Gerald,UnitTypeEnemy,,,,,,,,,AxeFighter,20,2,,$0040,GeraldName,,GenderMale,$01,,,,,,,,,,,,,,SteelAxe,HandAxe,NoItem,
,,DiMaggio,UnitTypeEnemy,,,,,,,,,AxeFighter,10,1,,$0041,DiMaggioName,,GenderMale,$FF,,,,,,,,,,,,,,SteelAxe,NoItem,NoItem,
,,VerdaneArmy1,UnitTypeEnemy,,,,,,,,,Barbarian,10,0,,$0042,VerdaneArmy1Name,,Genderless,$FF,,,,,,,,,,,,,,HandAxe,NoItem,NoItem,
,,VerdaneArmy2,UnitTypeEnemy,,,,,,,,,Barbarian,5,0,,$0043,VerdaneArmy2Name,,Genderless,$FF,,,,,,,,,,,,,,IronAxe,NoItem,NoItem,
,,VerdaneArmy3,UnitTypeEnemy,,,,,,,,,Hunter,5,0,,$0044,VerdaneArmy3Name,,Genderless,$FF,,,,,,,,,,,,,,IronBow,NoItem,NoItem,
,,VerdaneArmy4,UnitTypeEnemy,,,,,,,,,Barbarian,1,0,,$0045,VerdaneArmy4Name,,Genderless,$FF,,,,,,,,,,,,,,IronAxe,NoItem,NoItem,
,,VerdaneArmy5,UnitTypeEnemy,,,,,,,,,Hunter,1,0,,$0046,VerdaneArmy5Name,,Genderless,$FF,,,,,,,,,,,,,,IronBow,NoItem,NoItem,
,,VerdaneArmy6,UnitTypeEnemy,,,,,,,,,Brigand,1,0,,$0047,VerdaneArmy6Name,,Genderless,$FF,,,,,,,,,,,,,,IronAxe,NoItem,NoItem,
,,Cimbaeth,UnitTypeEnemy,,,,,,,,,Warrior,10,2,,$0048,CimbaethName,,GenderMale,$01,,,,,,,,,,,,,,SilverAxe,HandAxe,PI_HandAxe,
,,VerdaneArmy7,UnitTypeEnemy,,,,,,,,,AxeFighter,1,0,,$0049,VerdaneArmy7Name,,Genderless,$FF,,,,,,,,,,,,,,IronAxe,HandAxe,NoItem,
,,VerdaneArmy8,UnitTypeEnemy,,,,,,,,,Hunter,1,0,,$004A,VerdaneArmy8Name,,Genderless,$FF,,,,,,,,,,,,,,IronBow,NoItem,NoItem,
,,VerdaneArmy9,UnitTypeEnemy,,,,,,,,,Barbarian,1,0,,$004B,VerdaneArmy9Name,,Genderless,$FF,,,,,,,,,,,,,,IronAxe,NoItem,NoItem,
,,VerdaneArmy10,UnitTypeEnemy,,,,,,,,,AxeFighter,1,0,,$004C,VerdaneArmy10Name,,Genderless,$FF,,,,,,,,,,,,,,IronAxe,HandAxe,NoItem,
,,Munnir,UnitTypeEnemy,,,,,,,,,Warrior,20,2,,$004D,MunnirName,,GenderMale,$01,,,,,,,,,,,,,,HandAxe,SkillRing,PI_SkillRing1,
,,Commander1,UnitTypeEnemy,,,,,,,,,AxeFighter,10,1,,$004E,Commander1Name,,Genderless,$FF,,,,,,,,,,,,,,SteelAxe,NoItem,NoItem,
,,VerdaneArmy11,UnitTypeEnemy,,,,,,,,,Barbarian,5,0,,$004F,VerdaneArmy11Name,,Genderless,$FF,,,,,,,,,,,,,,IronAxe,NoItem,NoItem,
,,VerdaneArmy12,UnitTypeEnemy,,,,,,,,,Hunter,5,0,,$0050,VerdaneArmy12Name,,Genderless,$FF,,,,,,,,,,,,,,IronBow,NoItem,NoItem,
,,VerdaneArmy13,UnitTypeEnemy,,,,,,,,,Barbarian,5,0,,$0051,VerdaneArmy13Name,,Genderless,$FF,,,,,,,,,,,,,,IronAxe,NoItem,NoItem,
,,Sandima,UnitTypeEnemy,,,,,,,,,DarkMage,10,2,,$0052,SandimaName,,GenderMale,$01,,,,,,,,,,,,,,Fenrir,Jormungandr,PI_MagicRing1,
,,VerdaneArmy14,UnitTypeEnemy,,,,,,,,,Hunter,5,0,,$0053,VerdaneArmy14Name,,Genderless,$FF,,,,,,,,,,,,,,IronBow,NoItem,NoItem,
,,VerdaneArmy15,UnitTypeEnemy,,,,,,,,,AxeFighter,10,0,,$0054,VerdaneArmy15Name,,Genderless,$FF,,,,,,,,,,,,,,SteelAxe,NoItem,NoItem,
,,Commander2,UnitTypeEnemy,,,,,,,,,AxeFighter,10,1,,$0055,Commander2Name,,Genderless,$FF,,,,,,,,,,,,,,SteelAxe,HandAxe,NoItem,
,,VerdaneArmy16,UnitTypeEnemy,,,,,,,,,Barbarian,10,0,,$0056,VerdaneArmy16Name,,Genderless,$FF,,,,,,,,,,,,,,IronAxe,NoItem,NoItem,
,,Bandit1,UnitTypeEnemy,,,,,,,,,Brigand,1,0,,$0057,Bandit1Name,,Genderless,$FF,,,,,,,,,,,,,,IronAxe,NoItem,NoItem,
,,EliotCh01,UnitTypeEnemy,,,,,,,,,Banneret,1,1,,$0058,EliotCh01Name,,GenderMale,$01,,,,,,,,,,,,,,SilverLance,Javelin,NoItem,
,,HochrheinArmy1,UnitTypeEnemy,,,,,,,,,LanceKnight,1,0,,$0059,HochrheinArmy1Name,,Genderless,$FF,,,,,,,,,,,,,,SteelLance,NoItem,NoItem,
EldiganCh01,,,UnitTypeHoly,60,6,2,6,6,6,10,0,Paladin,20,5,1,$005A,EldiganCh01Name,$81,GenderMale,$00,100,0,0,0,0,0,0,0,None,None,None,None,PrimaryHothrAncestry,Mystletainn,SteelLance,NoItem,
,,CrossKnight,UnitTypeEnemy,,,,,,,,,Cavalier,20,0,,$005B,CrossKnight1Name,,Genderless,$FF,,,,,,,,,,,,,,SteelSword,Javelin,NoItem,
,,Commander3,UnitTypeEnemy,,,,,,,,,Warrior,10,1,,$005C,Commander3Name,,Genderless,$FF,,,,,,,,,,,,,,HandAxe,NoItem,NoItem,
,,Bordeaux,UnitTypeEnemy,,,,,,,,,General,14,1,,$005D,BordeauxName,,GenderMale,$01,,,,,,,,,,,,,,SteelBlade,SteelBow,PI_BarrierRing1,
,,HochrheinArmy2,UnitTypeEnemy,,,,,,,,,LanceArmor,8,0,,$005E,HochrheinArmy2Name,,Genderless,$FF,,,,,,,,,,,,,,Javelin,NoItem,NoItem,
,,Philip,UnitTypeEnemy,,,,,,,,,General,18,3,,$005F,PhilipName,,GenderMale,$FF,,,,,,,,,,,,,,SilverLance,NoItem,PI_ReturnRing1,
,,HochrheinArmy3,UnitTypeEnemy,,,,,,,,,Priest,16,0,,$0060,HochrheinArmy3Name,,GenderMale,$FF,,,,,,,,,,,,,,RecoverStaff,NoItem,NoItem,
,,HochrheinArmy4,UnitTypeEnemy,,,,,,,,,Ballistician,10,0,,$0061,HochrheinArmy4Name,,GenderMale,$FF,,,,,,,,,,,,,,Ballista,NoItem,NoItem,
,,HochrheinArmy5,UnitTypeEnemy,,,,,,,,,FireMage,8,0,,$0062,HochrheinArmy5Name,,GenderMale,$FF,,,,,,,,,,,,,,Fire,NoItem,NoItem,
,,HochrheinArmy6,UnitTypeEnemy,,,,,,,,,AxeArmor,8,0,,$0063,HochrheinArmy6Name,,GenderMale,$FF,,,,,,,,,,,,,,IronAxe,NoItem,NoItem,
,,HochrheinArmy7,UnitTypeEnemy,,,,,,,,,LanceArmor,9,0,,$0064,HochrheinArmy7Name,,GenderMale,$FF,,,,,,,,,,,,,,IronLance,NoItem,NoItem,
,,HochrheinArmy8,UnitTypeEnemy,,,,,,,,,SwordArmor,7,0,,$0065,HochrheinArmy8Name,,GenderMale,$FF,,,,,,,,,,,,,,IronSword,NoItem,NoItem,
,,EliotCh02,UnitTypeEnemy,,,,,,,,,Banneret,15,2,,$0066,EliotCh02Name,,GenderMale,$FF,,,,,,,,,,,,,,SilverLance,NoItem,PI_SilverLance1,
,,HochrheinArmy9,UnitTypeEnemy,,,,,,,,,ArcherKnight,10,0,,$0067,HochrheinArmy9Name,,Genderless,$FF,,,,,,,,,,,,,,IronBow,NoItem,NoItem,
,,HochrheinArmy10,UnitTypeEnemy,,,,,,,,,AxeKnight,8,0,,$0068,HochrheinArmy10Name,,Genderless,$FF,,,,,,,,,,,,,,IronAxe,NoItem,NoItem,
,,HochrheinArmy11,UnitTypeEnemy,,,,,,,,,LanceKnight,8,0,,$0069,HochrheinArmy11Name,,Genderless,$FF,,,,,,,,,,,,,,IronLance,NoItem,NoItem,
,,Commander4,UnitTypeEnemy,,,,,,,,,Banneret,12,0,,$006A,Commander4Name,,Genderless,$FF,,,,,,,,,,,,,,SteelLance,NoItem,NoItem,
,,InfiniArmy1,UnitTypeEnemy,,,,,,,,,LanceKnight,10,0,,$006B,InfiniArmy1Name,,Genderless,$FF,,,,,,,,,,,,,,IronLance,NoItem,NoItem,
,,Bandit2,UnitTypeEnemy,,,,,,,,,Brigand,8,0,,$006C,Bandit2Name,,Genderless,$FF,,,,,,,,,,,,,,IronAxe,NoItem,NoItem,
,,MakariyArmy1,UnitTypeEnemy,,,,,,,,,LanceArmor,12,0,,$006D,MakariyArmy1Name,,Genderless,$FF,,,,,,,,,,,,,,Javelin,NoItem,NoItem,
,,Aoibh,UnitTypeEnemy,,,,,,,,,Paladin,18,0,,$006E,AoibhName,,GenderMale,$FF,,,,,,,,,,,,,,SteelSword,Javelin,NoItem,
,,MacBeth,UnitTypeEnemy,,,,,,,,,General,22,1,,$006F,MacBethName,,GenderMale,$01,,,,,,,,,,,,,,SteelLance,Javelin,PI_ShieldRing1,
,,InfiniArmy2,UnitTypeEnemy,,,,,,,,,BowArmor,14,0,,$0070,InfiniArm2Name,,Genderless,$FF,,,,,,,,,,,,,,IronBow,NoItem,NoItem,
,,InfiniArmy3,UnitTypeEnemy,,,,,,,,,AxeArmor,14,0,,$0071,InfiniArm3Name,,Genderless,$FF,,,,,,,,,,,,,,IronAxe,NoItem,NoItem,
,,InfiniArmy4,UnitTypeEnemy,,,,,,,,,SwordArmor,14,0,,$0072,InfiniArm4Name,,Genderless,$FF,,,,,,,,,,,,,,IronSword,NoItem,NoItem,
,,Voltz,UnitTypeEnemy,,,,,,,,,Ranger,20,3,,$0073,VoltzName,,GenderMale,$FF,,,,,,,,,,,,,,SteelBlade,ParagonRing,PI_ParagonRing,
,,Mercenary1,UnitTypeEnemy,,,,,,,,,FreeKnight,7,0,,$0074,Mercenary1Name,,Genderless,$FF,,,,,,,,,,,,,,IronSword,NoItem,NoItem,
,,Clement,UnitTypeEnemy,,,,,,,,,Bishop,18,1,,$0075,ClementName,,GenderMale,$01,,,,,,,,,,,,,,SleepStaff,Thunder,PI_SleepStaff,
,,MakariyArmy2,UnitTypeEnemy,,,,,,,,,FireMage,8,0,,$0076,MakariyArmy2Name,,Genderless,$FF,,,,,,,,,,,,,,Fire,NoItem,NoItem,
,,MakariyArmy3,UnitTypeEnemy,,,,,,,,,SwordFighter,12,0,,$0077,MakariyArmy3Name,,Genderless,$FF,,,,,,,,,,,,,,SteelSword,NoItem,NoItem,
,,MakariyArmy4,UnitTypeEnemy,,,,,,,,,BowFighter,10,0,,$0078,MakariyArmy4Name,,Genderless,$FF,,,,,,,,,,,,,,IronBow,NoItem,NoItem,
,,Commander5,UnitTypeEnemy,,,,,,,,,Ballistician,12,1,,$0079,Commander5Name,,Genderless,$FF,,,,,,,,,,,,,,Ballista,NoItem,NoItem,
,,MakariyArmy5,UnitTypeEnemy,,,,,,,,,Ballistician,8,0,,$007A,MakariyArmy5Name,,Genderless,$FF,,,,,,,,,,,,,,Ballista,NoItem,NoItem,
,,ChagallCh02,UnitTypeEnemy,,,,,,,,,Baron,10,2,,$007B,ChagallCh02Name,,Genderless,$01,,,,,,,,,,,,,,SilverBlade,PhysicStaff,PI_PhysicStaff1,
,,AgustiArmy1,UnitTypeEnemy,,,,,,,,,Ballistician,6,0,,$007C,AgustiArmy1Name,,Genderless,$FF,,,,,,,,,,,,,,Ballista,NoItem,NoItem,
,,AgustiArmy2,UnitTypeEnemy,,,,,,,,,LanceArmor,10,0,,$007D,AgustiArmy2Name,,Genderless,$FF,,,,,,,,,,,,,,Javelin,NoItem,NoItem,
,,Commander6,UnitTypeEnemy,,,,,,,,,Paladin,14,1,,$007E,Commander6Name,,Genderless,$FF,,,,,,,,,,,,,,SteelSword,NoItem,NoItem,
,,AgustiArmy3,UnitTypeEnemy,,,,,,,,,Cavalier,12,0,,$007F,AgustiArmy3Name,,Genderless,$FF,,,,,,,,,,,,,,IronSword,NoItem,NoItem,
,,Commander7,UnitTypeEnemy,,,,,,,,,Banneret,15,1,,$0080,Commander7Name,,Genderless,$FF,,,,,,,,,,,,,,SteelLance,Javelin,NoItem,
,,AgustiArmy4,UnitTypeEnemy,,,,,,,,,LanceKnight,12,0,,$0081,AgustiArmy4Name,,Genderless,$FF,,,,,,,,,,,,,,IronLance,NoItem,NoItem,
,,ErinysSquad,UnitTypeEnemy,,,,,,,,,PegasusKnight,3,0,,$0082,ErinysSquadName,,Genderless,$FF,,,,,,,,,,,,,,Javelin,NoItem,NoItem,
,,Zayin,UnitTypeEnemy,,,,,,,,,Banneret,21,3,,$0083,ZayinName,,GenderMale,$FF,,,,,,,,,,,,,,Ridersbane,Javelin,PI_Ridersbane,
,,AgustiArmy5,UnitTypeEnemy,,,,,,,,,Troubadour,12,0,,$0084,AgustiArmy5Name,,Genderless,$FF,,,,,,,,,,,,,,SlimSword,MendStaff,NoItem,
,,AgustiArmy6,UnitTypeEnemy,,,,,,,,,LanceKnight,13,0,,$0085,AgustiArmy6Name,,Genderless,$FF,,,,,,,,,,,,,,IronLance,NoItem,NoItem,
,,AgustiArmy7,UnitTypeEnemy,,,,,,,,,AxeKnight,10,0,,$0086,AgustiArmy7Name,,Genderless,$FF,,,,,,,,,,,,,,IronAxe,NoItem,NoItem,
,,AgustiArmy8,UnitTypeEnemy,,,,,,,,,ArcherKnight,9,0,,$0087,AgustiArmy8Name,,Genderless,$FF,,,,,,,,,,,,,,IronBow,NoItem,NoItem,
,,Aoife,UnitTypeEnemy,,,,,,,,,Paladin,18,0,,$0088,AoifeName,,GenderMale,$FF,,,,,,,,,,,,,,SteelSword,Javelin,NoItem,
,,Ailbhe,UnitTypeEnemy,,,,,,,,,Paladin,18,0,,$0089,AilbheName,,GenderMale,$FF,,,,,,,,,,,,,,SteelSword,Javelin,NoItem,
,,Jacobi,UnitTypeEnemy,,,,,,,,,Forester,20,2,,$008A,JacobiName,,GenderMale,$01,,,,,,,,,,,,,,LevinSword,NoItem,PI_LevinSword,
,,MadinoArmy1,UnitTypeEnemy,,,,,,,,,Bishop,18,0,,$008B,MadinoArmy1Name,,Genderless,$FF,,,,,,,,,,,,,,Fortify,NoItem,NoItem,
,,MadinoArmy2,UnitTypeEnemy,,,,,,,,,Mage,15,0,,$008C,MadinoArmy2Name,,Genderless,$FF,,,,,,,,,,,,,,Fire,NoItem,NoItem,
,,MadinoArmy3,UnitTypeEnemy,,,,,,,,,SwordArmor,12,0,,$008D,MadinoArmy3Name,,Genderless,$FF,,,,,,,,,,,,,,SteelSword,NoItem,NoItem,
,,MadinoArmy4,UnitTypeEnemy,,,,,,,,,BowArmor,11,0,,$008E,MadinoArmy4Name,,Genderless,$FF,,,,,,,,,,,,,,SteelBow,NoItem,NoItem,
,,MadinoArmy5,UnitTypeEnemy,,,,,,,,,LanceArmor,13,0,,$008F,MadinoArmy5Name,,Genderless,$FF,,,,,,,,,,,,,,SteelLance,NoItem,NoItem,
,,Commander8,UnitTypeEnemy,,,,,,,,,General,15,1,,$0090,Commander8Name,,Genderless,$FF,,,,,,,,,,,,,,SteelBlade,SteelBow,NoItem,
,,MadinoArmy6,UnitTypeEnemy,,,,,,,,,AxeArmor,10,0,,$0091,MadinoArmy6Name,,Genderless,$FF,,,,,,,,,,,,,,SteelAxe,NoItem,NoItem,
,,Commander9,UnitTypeEnemy,,,,,,,,,BowKnight,13,1,,$0092,Commander9Name,,Genderless,$FF,,,,,,,,,,,,,,SteelBow,NoItem,NoItem,
,,MadinoArmy7,UnitTypeEnemy,,,,,,,,,ArcherKnight,8,0,,$0093,MadinoArmy7Name,,Genderless,$FF,,,,,,,,,,,,,,SteelBow,NoItem,NoItem,
,,Commander10,UnitTypeEnemy,,,,,,,,,General,15,1,,$0094,Commander10Name,,Genderless,$FF,,,,,,,,,,,,,,SilverLance,NoItem,NoItem,
,,MadinoArmy8,UnitTypeEnemy,,,,,,,,,LanceArmor,10,0,,$0095,MadinoArmy8Name,,Genderless,$FF,,,,,,,,,,,,,,Javelin,NoItem,NoItem,
,,Commander11,UnitTypeEnemy,,,,,,,,,Banneret,13,1,,$0096,Commander11Name,,Genderless,$FF,,,,,,,,,,,,,,SilverLance,Javelin,NoItem,
,,MadinoArmy9,UnitTypeEnemy,,,,,,,,,LanceKnight,8,0,,$0097,MadinoArmy9Name,,Genderless,$FF,,,,,,,,,,,,,,SteelLance,NoItem,NoItem,
,,Commander12,UnitTypeEnemy,,,,,,,,,FireMage,13,1,,$0098,Commander12Name,,Genderless,$FF,,,,,,,,,,,,,,Elfire,NoItem,NoItem,
,,MadinoArmy10,UnitTypeEnemy,,,,,,,,,Mage,8,0,,$0099,MadinoArmy10Name,,Genderless,$FF,,,,,,,,,,,,,,Fire,NoItem,NoItem,
,,Commander13,UnitTypeEnemy,,,,,,,,,IronBallistician,13,1,,$009A,Commander13Name,,Genderless,$FF,,,,,,,,,,,,,,IronBallista,NoItem,NoItem,
,,MadinoArmy11,UnitTypeEnemy,,,,,,,,,Ballistician,8,0,,$009B,MadinoArmy11Name,,Genderless,$FF,,,,,,,,,,,,,,Ballista,NoItem,NoItem,
,,Pirate1,UnitTypeEnemy,,,,,,,,,Pirate,8,1,,$009C,Pirate1Name,,Genderless,$FF,,,,,,,,,,,,,,IronAxe,NoItem,NoItem,
,,Commander14,UnitTypeEnemy,,,,,,,,,LanceArmor,15,1,,$009D,Commander14Name,,Genderless,$FF,,,,,,,,,,,,,,Javelin,NoItem,NoItem,
,,SylvaleArmy1,UnitTypeEnemy,,,,,,,,,LanceArmor,10,0,,$009E,SylvaleArmy1Name,,Genderless,$FF,,,,,,,,,,,,,,Javelin,NoItem,NoItem,
EldiganCh03,,,UnitTypeHoly,65,13,2,9,11,15,15,7,Paladin,25,5,1,$009F,EldiganCh03Name,$80,GenderMale,$00,0,0,0,0,0,0,0,0,None,None,None,None,PrimaryHothrAncestry,Mystletainn,NoItem,NoItem,
,,CrossKnight2,UnitTypeEnemy,,,,,,,,,Cavalier,15,0,,$00A0,CrossKnight2Name,,GenderMale,$FF,,,,,,,,,,,,,,SteelSword,Javelin,NoItem,
,,ChagallCh03,UnitTypeEnemy,,,,,,,,,Baron,25,2,,$00A1,ChagallCh03Name,,GenderMale,$01,,,,,,,,,,,,,,SilverBlade,Bolganone,PI_SilverBlade1,
,,SylvaleArmy2,UnitTypeEnemy,,,,,,,,,LanceArmor,12,0,,$00A2,SylvaleArmy2Name,,Genderless,$FF,,,,,,,,,,,,,,SteelLance,NoItem,NoItem,
,,SylvaleArmy3,UnitTypeEnemy,,,,,,,,,BowArmor,12,0,,$00A3,SylvaleArmy3Name,,Genderless,$FF,,,,,,,,,,,,,,SteelBow,NoItem,NoItem,
,,Papilio,UnitTypeEnemy,,,,,,,,,WyvernKnight,20,2,,$00A4,PapilioName,,Genderless,$FF,,,,,,,,,,,,,,SteelSword,HealBracelet,PI_HealBracelet2,
,,ThraciaArmy1,UnitTypeEnemy,,,,,,,,,WyvernRider,8,0,,$00A5,ThraciaArmy1Name,,Genderless,$FF,,,,,,,,,,,,,,IronLance,NoItem,NoItem,
,,Pirate2,UnitTypeEnemy,,,,,,,,,Hunter,12,0,,$00A6,Pirate2Name,,Genderless,$FF,,,,,,,,,,,,,,SteelBow,NoItem,NoItem,
,,Pirate3,UnitTypeEnemy,,,,,,,,,Pirate,10,0,,$00A7,Pirate3Name,,Genderless,$FF,,,,,,,,,,,,,,HandAxe,NoItem,NoItem,
,,Pirate4,UnitTypeEnemy,,,,,,,,,Pirate,14,0,,$00A8,Pirate4Name,,Genderless,$FF,,,,,,,,,,,,,,SteelAxe,NoItem,NoItem,
,,Pirate5,UnitTypeEnemy,,,,,,,,,SwordFighter,10,0,,$00A9,Pirate5Name,,Genderless,$FF,,,,,,,,,,,,,,SteelSword,NoItem,NoItem,
,,Dobar,UnitTypeEnemy,,,,,,,,,Warrior,20,2,,$00AA,DobarName,,Genderless,$01,,,,,,,,,,,,,,HandAxe,PowerRing,PI_PowerRing1,
,,Pirate6,UnitTypeEnemy,,,,,,,,,Pirate,14,0,,$00AB,Pirate6Name,,Genderless,$FF,,,,,,,,,,,,,,HandAxe,NoItem,NoItem,
,,Pisear,UnitTypeEnemy,,,,,,,,,Warrior,20,2,,$00AC,PisearName,,Genderless,$FF,,,,,,,,,,,,,,SilverAxe,LegRing,PI_LegRing,
,,Pirate7,UnitTypeEnemy,,,,,,,,,Pirate,12,0,,$00AD,Pirate7Name,,Genderless,$FF,,,,,,,,,,,,,,IronAxe,NoItem,NoItem,
,,Pirate8,UnitTypeEnemy,,,,,,,,,Pirate,14,0,,$00AE,Pirate8Name,,Genderless,$FF,,,,,,,,,,,,,,HandAxe,NoItem,NoItem,
,,Pirate9,UnitTypeEnemy,,,,,,,,,Pirate,12,1,,$00AF,Pirate9Name,,Genderless,$FF,,,,,,,,,,,,,,IronAxe,NoItem,NoItem,
,,Pirate10,UnitTypeEnemy,,,,,,,,,Pirate,12,1,,$00B0,Pirate10Name,,Genderless,$FF,,,,,,,,,,,,,,IronAxe,NoItem,NoItem,
,,Arvis,UnitTypeEnemy,,,,,,,,,MageFighter,20,5,,$00B1,Arvis1Name,,Genderless,$FF,,,,,,,,,,,,,,Valflame,NoItem,NoItem,
,,LombardCh03,UnitTypeEnemy,,,,,,,,,Baron,30,4,,$00B2,LombardCh03Name,,Genderless,$FF,,,,,,,,,,,,,,Helswath,NoItem,NoItem,
,,Grauritter1,UnitTypeEnemy,,,,,,,,,GreatKnight,20,0,,$00B3,Grauritter1Name,,Genderless,$FF,,,,,,,,,,,,,,SilverAxe,HandAxe,NoItem,
,,ReptorCh03,UnitTypeEnemy,,,,,,,,,Baron,30,4,,$00B4,ReptorCh03Name,,Genderless,$FF,,,,,,,,,,,,,,Mjolnir,NoItem,NoItem,
,,Gelbritter1,UnitTypeEnemy,,,,,,,,,MageKnight,20,0,,$00B5,Gelbritter1Name,,Genderless,$FF,,,,,,,,,,,,,,SlimSword,Elthunder,NoItem,
,,AnnandUnused,UnitTypeEnemy,,,,,,,,,FalconKnight,25,3,,$00B6,AnnandUnusedName,,Genderless,$FF,,,,,,,,,,,,,,SilverSword,Javelin,NoItem,
,,SilesseArmy1,UnitTypeEnemy,,,,,,,,,PegasusKnight,20,0,,$00B7,SilesseArmy1Name,,Genderless,$FF,,,,,,,,,,,,,,SlimSword,NoItem,NoItem,
,,Myos,UnitTypeEnemy,,,,,,,,,Baron,22,2,,$00B8,MyosName,,Genderless,$01,,,,,,,,,,,,,,Tornado,NoItem,NoItem,
,,TofaArmy1,UnitTypeEnemy,,,,,,,,,LanceArmor,19,0,,$00B9,TofaArmy1Name,,Genderless,$FF,,,,,,,,,,,,,,Javelin,NoItem,NoItem,
,,TofaArmy2,UnitTypeEnemy,,,,,,,,,WindMage,17,0,,$00BA,TofaArmy2Name,,Genderless,$FF,,,,,,,,,,,,,,Elwind,NoItem,NoItem,
,,Commander15,UnitTypeEnemy,,,,,,,,,WindMage,18,1,,$00BB,Commander15Name,,Genderless,$FF,,,,,,,,,,,,,,Elwind,NoItem,NoItem,
,,TofaArmy3,UnitTypeEnemy,,,,,,,,,SwordFighter,15,0,,$00BC,TofaArmy3Name,,Genderless,$FF,,,,,,,,,,,,,,SteelSword,NoItem,NoItem,
,,Kabeiri,UnitTypeEnemy,,,,,,,,,Bishop,22,3,,$00BD,KabeiriName,,Genderless,$FF,,,,,,,,,,,,,,SleepStaff,PhysicStaff,NoItem,
,,TofaArmy4,UnitTypeEnemy,,,,,,,,,WindMage,15,0,,$00BE,TofaArmy4Name,,Genderless,$FF,,,,,,,,,,,,,,Elwind,NoItem,NoItem,
,,Commander16,UnitTypeEnemy,,,,,,,,,MageFighter,20,1,,$00BF,Commander16Name,,Genderless,$FF,,,,,,,,,,,,,,Blizzard,SlimSword,NoItem,
,,TofaArmy5,UnitTypeEnemy,,,,,,,,,WindMage,18,0,,$00C0,TofaArmy5Name,,Genderless,$FF,,,,,,,,,,,,,,Blizzard,Elwind,NoItem,
,,TofaArmy6,UnitTypeEnemy,,,,,,,,,WindMage,8,1,,$00C1,TofaArmy6Name,,Genderless,$FF,,,,,,,,,,,,,,Blizzard,NoItem,NoItem,
,,Dithorba,UnitTypeEnemy,,,,,,,,,FalconKnight,21,3,,$00C2,DithorbaName,,Genderless,$FF,,,,,,,,,,,,,,SilverSword,MiracleBracelet,NoItem,
,,DithorbaSquad,UnitTypeEnemy,,,,,,,,,PegasusKnight,18,0,,$00C3,DithorbaSquadName,,Genderless,$FF,,,,,,,,,,,,,,SlimLance,SlimSword,NoItem,
,,Pirate11,UnitTypeEnemy,,,,,,,,,Pirate,20,1,,$00C4,Pirate11Name,,Genderless,$FF,,,,,,,,,,,,,,IronAxe,NoItem,NoItem,
,,SilesseArmy2,UnitTypeEnemy,,,,,,,,,WindMage,10,1,,$00C5,SilesseArmy2Name,,Genderless,$FF,,,,,,,,,,,,,,Wind,NoItem,NoItem,
,,Decair,UnitTypeEnemy,,,,,,,,,Baron,26,2,,$00C6,DecairName,,Genderless,$01,,,,,,,,,,,,,,Blizzard,Tornado,NoItem,
,,Annand,UnitTypeEnemy,,,,,,,,,FalconKnight,25,3,,$00C7,AnnandName,,Genderless,$01,,,,,,,,,,,,,,SilverSword,ShieldRing,NoItem,
,,AnnandSquad,UnitTypeEnemy,,,,,,,,,PegasusKnight,18,0,,$00C8,AnnandSquadName,,Genderless,$FF,,,,,,,,,,,,,,SlimLance,SlimSword,NoItem,
,,Pamela,UnitTypeEnemy,,,,,,,,,FalconKnight,23,3,,$00C9,PamelaName,,Genderless,$FF,,,,,,,,,,,,,,SilverLance,ShieldRing,NoItem,
,,PamelaSquad,UnitTypeEnemy,,,,,,,,,PegasusKnight,18,0,,$00CA,PamelaSquadName,,Genderless,$FF,,,,,,,,,,,,,,Javelin,NoItem,NoItem,
AndreyCh04,,,UnitTypeHoly,60,6,2,6,6,6,2,0,BowKnight,22,4,1,$00CB,AndreyCh04Name,$81,GenderMale,$00,0,0,0,0,0,0,0,0,None,None,None,SecondaryUllrAncestry,None,BraveBow,ShieldRing,NoItem,
,,Beigeritter1,UnitTypeEnemy,,,,,,,,,ArcherKnight,18,0,,$00CC,Beigeritter1Name,,Genderless,$FF,,,,,,,,,,,,,,BraveBow,NoItem,NoItem,
,,Civilian1,UnitTypeEnemy,,,,,,,,,Civilian,1,0,,$00CD,Civilian1Name,,GenderMale,$FF,,,,,,,,,,,,,,NoItem,NoItem,NoItem,
,,Civilian2,UnitTypeEnemy,,,,,,,,,Civilian,1,0,,$00CE,Civilian2Name,,GenderFemale,$FF,,,,,,,,,,,,,,NoItem,NoItem,NoItem,
,,Donovan,UnitTypeEnemy,,,,,,,,,General,20,1,,$00CF,DonovanName,,Genderless,$FF,,,,,,,,,,,,,,SteelSword,SteelBow,NoItem,
,,ZaxonArmy1,UnitTypeEnemy,,,,,,,,,AxeFighter,12,1,,$00D0,ZaxonArmy1Name,,Genderless,$FF,,,,,,,,,,,,,,SteelAxe,NoItem,NoItem,
,,ZaxonArmy2,UnitTypeEnemy,,,,,,,,,WindMage,18,0,,$00D1,ZaxonArmy2Name,,Genderless,$FF,,,,,,,,,,,,,,Elwind,NoItem,NoItem,
,,ZaxonArmy3,UnitTypeEnemy,,,,,,,,,Warrior,15,0,,$00D2,ZaxonArmy3Name,,Genderless,$FF,,,,,,,,,,,,,,SteelAxe,SteelBow,NoItem,
,,ZaxonArmy4,UnitTypeEnemy,,,,,,,,,WindMage,12,1,,$00D3,ZaxonArmy4Name,,Genderless,$FF,,,,,,,,,,,,,,Blizzard,Elwind,NoItem,
,,ZaxonArmy5,UnitTypeEnemy,,,,,,,,,General,20,0,,$00D4,ZaxonArmy5Name,,Genderless,$FF,,,,,,,,,,,,,,SilverLance,SteelBow,NoItem,
,,Lamia,UnitTypeEnemy,,,,,,,,,Swordmaster,25,3,,$00D5,LamiaName,,GenderFemale,$FF,,,,,,,,,,,,,,SilverBlade,HealBracelet,NoItem,
,,Mercenary2,UnitTypeEnemy,,,,,,,,,SwordFighter,22,0,,$00D6,Mercenary2Name,,GenderFemale,$FF,,,,,,,,,,,,,,SleepSword,NoItem,NoItem,
,,Mercenary3,UnitTypeEnemy,,,,,,,,,SwordFighter,22,0,,$00D7,Mercenary3Name,,GenderFemale,$FF,,,,,,,,,,,,,,BraveSword,NoItem,NoItem,
,,Mercenary4,UnitTypeEnemy,,,,,,,,,BowFighter,22,0,,$00D8,Mercenary4Name,,GenderFemale,$FF,,,,,,,,,,,,,,KillerBow,NoItem,NoItem,
,,Mercenary5,UnitTypeEnemy,,,,,,,,,Priest,22,0,,$00D9,Mercenary5Name,,GenderFemale,$FF,,,,,,,,,,,,,,PhysicStaff,NoItem,NoItem,
,,Mercenary6,UnitTypeEnemy,,,,,,,,,ThunderMage,22,0,,$00DA,Mercenary6Name,,GenderFemale,$FF,,,,,,,,,,,,,,Elthunder,NoItem,NoItem,
LombardCh05,,,UnitTypeHoly,75,9,3,9,9,9,3,0,Baron,30,3,5,$00DB,LombardCh05Name,$81,GenderMale,$00,0,0,0,0,0,0,0,0,None,None,None,PrimaryNalAncestry,None,Helswath,NoItem,NoItem,
,,Child1,UnitTypeEnemy,,,,,,,,,Child,1,0,,$00DC,Child1Name,,GenderMale,$FF,,,,,,,,,,,,,,NoItem,NoItem,NoItem,
,,LubeckArmy1,UnitTypeEnemy,,,,,,,,,General,25,0,,$00DD,LubeckArmy1Name,,Genderless,$FF,,,,,,,,,,,,,,BraveAxe,SteelBow,NoItem,
,,Slade,UnitTypeEnemy,,,,,,,,,GreatKnight,20,2,,$00DE,SladeName,,Genderless,$FF,,,,,,,,,,,,,,SilverAxe,NoItem,NoItem,
,,LubeckArmy2,UnitTypeEnemy,,,,,,,,,AxeKnight,17,0,,$00DF,LubeckArmy2Name,,Genderless,$FF,,,,,,,,,,,,,,SteelAxe,NoItem,NoItem,
,,Commander17,UnitTypeEnemy,,,,,,,,,General,20,1,,$00E0,Commander17Name,,Genderless,$FF,,,,,,,,,,,,,,BraveAxe,NoItem,NoItem,
,,LubeckArmy3,UnitTypeEnemy,,,,,,,,,ThunderMage,17,0,,$00E1,LubeckArmy3Name,,Genderless,$FF,,,,,,,,,,,,,,Elthunder,NoItem,NoItem,
,,LubeckArmy4,UnitTypeEnemy,,,,,,,,,AxeArmor,17,0,,$00E2,LubeckArmy4Name,,Genderless,$FF,,,,,,,,,,,,,,SteelAxe,NoItem,NoItem,
,,Bandit3,UnitTypeEnemy,,,,,,,,,Brigand,30,1,,$00E3,Bandit3Name,,Genderless,$FF,,,,,,,,,,,,,,SteelAxe,NoItem,NoItem,
,,Commander18,UnitTypeEnemy,,,,,,,,,General,20,1,,$00E4,Commander18Name,,Genderless,$FF,,,,,,,,,,,,,,BraveAxe,NoItem,NoItem,
,,LubeckArmy5,UnitTypeEnemy,,,,,,,,,ThunderMage,17,0,,$00E5,LubeckArmy5Name,,Genderless,$FF,,,,,,,,,,,,,,Elthunder,NoItem,NoItem,
,,LubeckArmy6,UnitTypeEnemy,,,,,,,,,AxeArmor,17,0,,$00E6,LubeckArmy6Name,,Genderless,$FF,,,,,,,,,,,,,,SteelAxe,NoItem,NoItem,
,,LubeckArmy7,UnitTypeEnemy,,,,,,,,,IronBallistician,20,0,,$00E7,LubeckArmy7Name,,Genderless,$FF,,,,,,,,,,,,,,IronBallista,NoItem,NoItem,
Byron,,,UnitTypeHoly,20,7,7,7,7,7,7,7,MasterKnight,30,1,1,$00E8,ByronName,$81,GenderMale,$00,0,0,0,0,0,0,0,0,None,None,None,PrimaryBaldrAncestry,None,BrokenHolySword,NoItem,NoItem,
AndreyCh05,,,UnitTypeHoly,60,6,2,6,6,6,2,0,BowKnight,22,4,1,$00E9,AndreyCh05Name,$80,GenderMale,$00,0,0,0,0,0,0,0,0,None,None,None,SecondaryUllrAncestry,None,BraveBow,ShieldRing,NoItem,
,,Beigeritter2,UnitTypeEnemy,,,,,,,,,ArcherKnight,18,0,,$00EA,Beigeritter2Name,,Genderless,$FF,,,,,,,,,,,,,,BraveBow,NoItem,NoItem,
,,Vaja,UnitTypeEnemy,,,,,,,,,MageFighterF,21,3,,$00EB,VajaName,,GenderFemale,$01,,,,,,,,,,,,,,Meteor,PrayerSword,NoItem,
,,VelthomerArmy1,UnitTypeEnemy,,,,,,,,,FireMage,18,0,,$00EC,VelthomerArmy1Name,,Genderless,$FF,,,,,,,,,,,,,,Elfire,NoItem,NoItem,
,,Priest1,UnitTypeEnemy,,,,,,,,,Priest,15,0,,$00ED,PriestName,,Genderless,$FF,,,,,,,,,,,,,,SleepStaff,NoItem,NoItem,
,,VelthomerArmy2,UnitTypeEnemy,,,,,,,,,FireMage,18,1,,$00EE,VelthomerArmy2Name,,Genderless,$FF,,,,,,,,,,,,,,Meteor,Elfire,NoItem,
Travant,,,UnitTypeHoly,75,9,3,9,9,9,3,0,WyvernLord,30,5,5,$00EF,Travant1Name,$81,GenderMale,$00,0,0,0,0,0,0,0,0,UnitSkill1Nihil,None,None,PrimaryDainnAncestry,None,Gungnir,RecoverRing,NoItem,
,,Magon,UnitTypeEnemy,,,,,,,,,WyvernLord,25,3,,$00F0,MagonName,,Genderless,$02,,,,,,,,,,,,,,BraveLance,ShieldRing,NoItem,
,,ThraciaArmy2,UnitTypeEnemy,,,,,,,,,WyvernKnight,18,0,,$00F1,ThraciaArmy2Name,,Genderless,$FF,,,,,,,,,,,,,,Ridersbane,NoItem,NoItem,
,,LeonsterArmy,UnitTypeEnemy,,,,,,,,,LanceKnight,15,0,,$00F2,LeonsterArmyName,,Genderless,$FF,,,,,,,,,,,,,,SteelLance,NoItem,NoItem,
,,Aida,UnitTypeEnemy,,,,,,,,,MageFighterF,23,1,,$00F3,AidaName,,GenderFemale,$01,,,,,,,,,,,,,,Meteor,PrayerSword,NoItem,
,,VelthomerArmy3,UnitTypeEnemy,,,,,,,,,FireMage,20,0,,$00F4,VelthomerArmy3Name,,Genderless,$FF,,,,,,,,,,,,,,Meteor,Elfire,NoItem,
ReptorCh05,,,UnitTypeHoly,75,9,23,9,9,9,3,0,Baron,30,4,5,$00F5,ReptorCh05Name,$81,GenderMale,$00,0,0,0,0,0,0,0,0,None,None,None,None,PrimaryThrudAncestry,Mjolnir,HealBracelet,NoItem,
,,FriegeArmy1,UnitTypeEnemy,,,,,,,,,General,22,0,,$00F6,FriegeArmy1Name,,Genderless,$FF,,,,,,,,,,,,,,SilverLance,SteelBow,NoItem,
,,FriegeArmy2,UnitTypeEnemy,,,,,,,,,HighPriest,22,0,,$00F7,FriegeArmy2Name,,GenderMale,$FF,,,,,,,,,,,,,,Fortify,MiracleBracelet,NoItem,
,,FriegeArmy3,UnitTypeEnemy,,,,,,,,,BowArmor,22,0,,$00F8,FriegeArmy3Name,,Genderless,$FF,,,,,,,,,,,,,,SteelBow,NoItem,NoItem,
,,FriegeArmy4,UnitTypeEnemy,,,,,,,,,Forester,22,0,,$00F9,FriegeArmy4Name,,Genderless,$FF,,,,,,,,,,,,,,SilverBlade,NoItem,NoItem,
,,FriegeArmy5,UnitTypeEnemy,,,,,,,,,ThunderMage,22,0,,$00FA,FriegeArmy5Name,,GenderMale,$FF,,,,,,,,,,,,,,Elthunder,NoItem,NoItem,
,,FriegeArmy6,UnitTypeEnemy,,,,,,,,,ThunderMage,22,0,,$00FB,FriegeArmy6Name,,GenderFemale,$FF,,,,,,,,,,,,,,Elthunder,NoItem,NoItem,
,,FriegeArmy7,UnitTypeEnemy,,,,,,,,,LanceArmor,22,0,,$00FC,FriegeArmy7Name,,Genderless,$FF,,,,,,,,,,,,,,SteelLance,Javelin,NoItem,
,,FriegeArmy8,UnitTypeEnemy,,,,,,,,,Sniper,22,0,,$00FD,FriegeArmy8Name,,Genderless,$FF,,,,,,,,,,,,,,SilverBow,NoItem,NoItem,
,,Commander19,UnitTypeEnemy,,,,,,,,,FireMage,25,3,,$00FE,Commander19Name,,Genderless,$FF,,,,,,,,,,,,,,Elfire,NoItem,NoItem,
,,Rotritter1,UnitTypeEnemy,,,,,,,,,FireMage,20,0,,$00FF,Rotritter1Name,,Genderless,$FF,,,,,,,,,,,,,,Elfire,NoItem,NoItem,
,,Commander20,UnitTypeEnemy,,,,,,,,,General,25,3,,$0100,Commander20Name,,Genderless,$FF,,,,,,,,,,,,,,SilverLance,NoItem,NoItem,
,,Rotritter2,UnitTypeEnemy,,,,,,,,,General,20,0,,$0101,Rotritter2Name,,Genderless,$FF,,,,,,,,,,,,,,SilverLance,NoItem,NoItem,
,,Commander21,UnitTypeEnemy,,,,,,,,,MageKnight,25,3,,$0102,Commander21Name,,Genderless,$FF,,,,,,,,,,,,,,BraveSword,Elfire,NoItem,
,,Rotritter3,UnitTypeEnemy,,,,,,,,,MageKnight,20,0,,$0103,Rotritter3Name,,Genderless,$FF,,,,,,,,,,,,,,BraveSword,Elfire,NoItem,
ArvisPrologue,,,UnitTypeHoly,60,15,15,15,15,5,10,0,Sage,25,5,5,$0104,ArvisPrologueName,$81,GenderMale,$00,0,0,0,0,0,0,0,0,UnitSkill1Nihil,None,None,PrimaryFjalarAncestry,SecondaryLoptousAncestry,Valflame,RecoverRing,NoItem,
,,Commander22,UnitTypeEnemy,,,,,,,,,FireMage,25,3,,$0105,Commander22Name,,Genderless,$FF,,,,,,,,,,,,,,Elfire,NoItem,NoItem,
,,Rotritter4,UnitTypeEnemy,,,,,,,,,FireMage,20,0,,$0106,Rotritter4Name,,Genderless,$FF,,,,,,,,,,,,,,Elfire,NoItem,NoItem,
,,Harold,UnitTypeEnemy,,,,,,,,,General,10,1,,$0107,HaroldName,,Genderless,$FF,,,,,,,,,,,,,,SteelAxe,SteelBow,PI_ReturnRing1,
,,GaneshaArmy1,UnitTypeEnemy,,,,,,,,,AxeArmor,7,0,,$0108,GaneshaArmy1Name,,Genderless,$FF,,,,,,,,,,,,,,SteelAxe,NoItem,NoItem,
,,GaneshaArmy2,UnitTypeEnemy,,,,,,,,,AxeFighter,3,1,,$0109,GaneshaArmy2Name,,Genderless,$FF,,,,,,,,,,,,,,IronAxe,NoItem,NoItem,
,,Bandit4,UnitTypeEnemy,,,,,,,,,Brigand,5,1,,$010A,Bandit4Name,,Genderless,$FF,,,,,,,,,,,,,,IronAxe,NoItem,NoItem,
,,SofalaArmy1,UnitTypeEnemy,,,,,,,,,AxeFighter,12,1,,$010B,SofalaArmy1Name,,Genderless,$FF,,,,,,,,,,,,,,SteelAxe,NoItem,NoItem,
,,IsaachArmy1,UnitTypeEnemy,,,,,,,,,AxeKnight,12,1,,$010C,IsaachArmy1Name,,Genderless,$FF,,,,,,,,,,,,,,SteelAxe,NoItem,NoItem,
,,IsaachArmy2,UnitTypeEnemy,,,,,,,,,AxeKnight,7,0,,$010D,IsaachArmy2Name,,Genderless,$FF,,,,,,,,,,,,,,SteelAxe,NoItem,NoItem,
,,SofalaArmy2,UnitTypeEnemy,,,,,,,,,AxeFighter,7,0,,$010E,SofalaArmy2Name,,Genderless,$FF,,,,,,,,,,,,,,SteelAxe,NoItem,NoItem,
,,Schmidt,UnitTypeEnemy,,,,,,,,,GreatKnight,20,3,,$010F,SchmidtName,,Genderless,$FF,,,,,,,,,,,,,,BraveAxe,NoItem,PI_BraveAxe,
,,RibautArmy,UnitTypeEnemy,,,,,,,,,AxeKnight,12,0,,$0110,RibautArmyName,,Genderless,$FF,,,,,,,,,,,,,,HandAxe,NoItem,NoItem,
Danann,,,UnitTypeHoly,60,9,3,7,6,8,3,0,Baron,25,4,1,$0111,DanannName,$81,GenderMale,$00,0,0,0,0,0,0,0,0,None,None,None,PrimaryNalAncestry,None,SilverAxe,NoItem,PI_ThiefSword,
,,GaneshaArmy3,UnitTypeEnemy,,,,,,,,,AxeArmor,5,0,,$0112,GaneshaArmy3Name,,Genderless,$FF,,,,,,,,,,,,,,SteelAxe,NoItem,NoItem,
,,GaneshaArmy4,UnitTypeEnemy,,,,,,,,,BowArmor,5,0,,$0113,GaneshaArmy4Name,,Genderless,$FF,,,,,,,,,,,,,,SteelBow,NoItem,NoItem,
,,Kutuzov1,UnitTypeEnemy,,,,,,,,,DarkBishop,20,1,,$0114,Kutuzov1Name,,Genderless,$01,,,,,,,,,,,,,,Jormungandr,NoItem,PI_BargainBracelet,
,,AedMage1,UnitTypeEnemy,,,,,,,,,DarkMage,7,0,,$0115,AedMage1Name,,Genderless,$FF,,,,,,,,,,,,,,Jormungandr,NoItem,NoItem,
,,AedMage2,UnitTypeEnemy,,,,,,,,,DarkMage,4,1,,$0116,AedMage2Name,,Genderless,$FF,,,,,,,,,,,,,,Jormungandr,NoItem,NoItem,
,,Mercenary7,UnitTypeEnemy,,,,,,,,,SwordFighter,12,0,,$0117,Mercenary7Name,,Genderless,$FF,,,,,,,,,,,,,,SilverSword,NoItem,NoItem,
,,AedMage3,UnitTypeEnemy,,,,,,,,,DarkMage,1,0,,$0118,AedMage3Name,,Genderless,$FF,,,,,,,,,,,,,,Jormungandr,NoItem,NoItem,
,,Commander23,UnitTypeEnemy,,,,,,,,,General,12,1,,$0119,Commander23Name,,Genderless,$FF,,,,,,,,,,,,,,SteelAxe,NoItem,NoItem,
,,UlsterArmy1,UnitTypeEnemy,,,,,,,,,SwordArmor,5,0,,$011A,UlsterArmy1Name,,Genderless,$FF,,,,,,,,,,,,,,SteelSword,NoItem,NoItem,
,,UlsterArmy2,UnitTypeEnemy,,,,,,,,,ThunderMage,7,0,,$011B,UlsterArmy2Name,,Genderless,$FF,,,,,,,,,,,,,,Elthunder,NoItem,NoItem,
,,Bandit5,UnitTypeEnemy,,,,,,,,,Brigand,8,1,,$011C,Bandit5Name,,Genderless,$FF,,,,,,,,,,,,,,SteelAxe,NoItem,NoItem,
Bloom,,,UnitTypeHoly,65,9,9,8,7,9,9,3,Baron,25,4,5,$011D,Bloom1Name,$81,GenderMale,$00,0,0,0,0,0,0,0,0,None,None,None,None,PrimaryThrudAncestry,Mjolnir,NoItem,PI_SilverBlade1,
,,UlsterArmy3,UnitTypeEnemy,,,,,,,,,General,15,0,,$011E,UlsterArmy3Name,,Genderless,$FF,,,,,,,,,,,,,,SilverBlade,SteelBow,NoItem,
,,DahnaArmy1,UnitTypeEnemy,,,,,,,,,SwordFighter,5,1,,$011F,DahnaArmy1Name,,Genderless,$FF,,,,,,,,,,,,,,SteelBlade,NoItem,NoItem,
Ishtore,,,UnitTypeHoly,50,7,7,8,8,7,7,9,MageFighter,20,3,1,$0120,IshtoreName,$81,GenderMale,$00,0,0,0,0,0,0,0,0,None,None,None,None,SecondaryThrudAncestry,Bolting,Thoron,PI_Thoron,
,,MergenArmy1,UnitTypeEnemy,,,,,,,,,ThunderMage,6,0,,$0121,MergenArmy1Name,,Genderless,$FF,,,,,,,,,,,,,,Elthunder,NoItem,NoItem,
,,Raisa,UnitTypeEnemy,,,,,,,,,ThunderMage,20,4,,$0122,RaisaName,,GenderFemale,$02,,,,,,,,,,,,,,Elthunder,ShieldRing,PI_MagicRing1,
,,MergenArmy2,UnitTypeEnemy,,,,,,,,,ThunderMage,10,0,,$0123,MergenArmy2Name,,Genderless,$FF,,,,,,,,,,,,,,Elthunder,NoItem,NoItem,
,,MergenArmy3,UnitTypeEnemy,,,,,,,,,LanceArmor,10,0,,$0124,MergenArmy3Name,,Genderless,$FF,,,,,,,,,,,,,,SteelLance,NoItem,NoItem,
,,MergenArmy4,UnitTypeEnemy,,,,,,,,,ThunderMage,10,0,,$0125,MergenArmy4Name,,GenderMale,$FF,,,,,,,,,,,,,,Thunder,NoItem,NoItem,
,,MergenArmy5,UnitTypeEnemy,,,,,,,,,Priest,10,0,,$0126,MergenArmy5Name,,GenderFemale,$FF,,,,,,,,,,,,,,PhysicStaff,NoItem,NoItem,
,,MergenArmy6,UnitTypeEnemy,,,,,,,,,Ballistician,10,0,,$0127,MergenArmy6Name,,Genderless,$FF,,,,,,,,,,,,,,Ballista,NoItem,NoItem,
,,MergenArmy7,UnitTypeEnemy,,,,,,,,,BowArmor,10,0,,$0128,MergenArmy7Name,,Genderless,$FF,,,,,,,,,,,,,,SteelBow,NoItem,NoItem,
,,Javarro,UnitTypeEnemy,,,,,,,,,Ranger,20,3,,$0129,JavarroName,,Genderless,$02,,,,,,,,,,,,,,SilverSword,NoItem,PI_SkillRing1,
,,Mercenary8,UnitTypeEnemy,,,,,,,,,FreeKnight,13,0,,$012A,Mercenary8Name,,Genderless,$FF,,,,,,,,,,,,,,SteelSword,NoItem,NoItem,
,,Mercenary9,UnitTypeEnemy,,,,,,,,,ArcherKnight,13,0,,$012B,Mercenary9Name,,Genderless,$FF,,,,,,,,,,,,,,SteelBow,NoItem,NoItem,
,,Bramsel,UnitTypeEnemy,,,,,,,,,General,16,1,,$012C,BramselName,,Genderless,$01,,,,,,,,,,,,,,Ridersbane,NoItem,PI_Ridersbane,
,,DahnaArmy2,UnitTypeEnemy,,,,,,,,,SwordFighter,12,0,,$012D,DahnaArmy2Name,,Genderless,$FF,,,,,,,,,,,,,,SteelBlade,NoItem,NoItem,
,,Commander24,UnitTypeEnemy,,,,,,,,,General,24,1,,$012E,Commander24Name,,Genderless,$FF,,,,,,,,,,,,,,SteelAxe,NoItem,NoItem,
,,UlsterArmy4,UnitTypeEnemy,,,,,,,,,SwordArmor,10,0,,$012F,UlsterArmy4Name,,Genderless,$FF,,,,,,,,,,,,,,SteelSword,NoItem,NoItem,
,,UlsterArmy5,UnitTypeEnemy,,,,,,,,,ThunderMage,10,0,,$0130,UlsterArmy5Name,,Genderless,$FF,,,,,,,,,,,,,,Elthunder,NoItem,NoItem,
Banba1,,,UnitTypeHoly,52,3,6,10,10,10,10,7,FireMage,22,3,1,$0131,Banba1Name,$82,GenderFemale,$00,0,0,0,0,0,0,0,0,None,None,None,None,None,Elfire,HealBracelet,NoItem,
Fodla1,,,UnitTypeHoly,52,3,6,10,10,10,10,7,WindMage,22,3,1,$0132,Fodla1Name,$83,GenderFemale,$00,0,0,0,0,0,0,0,0,None,None,None,None,None,Elwind,HealBracelet,NoItem,
Eriu1,,,UnitTypeHoly,52,3,6,10,10,10,10,7,ThunderMage,22,3,1,$0133,Eriu1Name,$84,GenderFemale,$00,0,0,0,0,0,0,0,0,None,None,None,None,None,Elthunder,HealBracelet,NoItem,
,,HighMage1,UnitTypeEnemy,,,,,,,,,ThunderMage,12,0,,$0134,HighMage1Name,,Genderless,$FF,,,,,,,,,,,,,,Thunder,NoItem,NoItem,
,,HighMage2,UnitTypeEnemy,,,,,,,,,FireMage,12,0,,$0135,HighMage2Name,,Genderless,$FF,,,,,,,,,,,,,,Elfire,NoItem,NoItem,
,,HighMage3,UnitTypeEnemy,,,,,,,,,ThunderMage,12,0,,$0136,HighMage3Name,,Genderless,$FF,,,,,,,,,,,,,,Elthunder,NoItem,NoItem,
,,Muhammad,UnitTypeEnemy,,,,,,,,,General,25,2,,$0137,MuhammadName,,Genderless,$FF,,,,,,,,,,,,,,BraveLance,BraveBow,PI_BraveLance,
,,ConnachtArmy1,UnitTypeEnemy,,,,,,,,,ThunderMage,18,0,,$0138,ConnachtArmy1Name,,Genderless,$FF,,,,,,,,,,,,,,Elthunder,NoItem,NoItem,
,,ConnachtArmy2,UnitTypeEnemy,,,,,,,,,LanceArmor,18,0,,$0139,ConnachtArmy2Name,,Genderless,$FF,,,,,,,,,,,,,,SteelLance,NoItem,NoItem,
,,ConnachtArmy3,UnitTypeEnemy,,,,,,,,,BowArmor,18,0,,$013A,ConnachtArmy3Name,,Genderless,$FF,,,,,,,,,,,,,,SteelBow,NoItem,NoItem,
,,Bishop1,UnitTypeEnemy,,,,,,,,,Bishop,22,0,,$013B,BishopName,,Genderless,$FF,,,,,,,,,,,,,,Fortify,NoItem,NoItem,
,,Ovo,UnitTypeEnemy,,,,,,,,,MageKnight,22,2,,$013C,OvoName,,Genderless,$FF,,,,,,,,,,,,,,Elthunder,ShieldRing,PI_ShieldRing1,
,,ConnachtArmy4,UnitTypeEnemy,,,,,,,,,LanceKnight,18,0,,$013D,ConnachtArmy4Name,,Genderless,$FF,,,,,,,,,,,,,,Javelin,NoItem,NoItem,
,,ConnachtArmy5,UnitTypeEnemy,,,,,,,,,Troubadour,18,0,,$013E,ConnachtArmy5Name,,Genderless,$FF,,,,,,,,,,,,,,SlimSword,MendStaff,NoItem,
,,Bandit6,UnitTypeEnemy,,,,,,,,,Brigand,15,1,,$013F,Bandit6Name,,Genderless,$FF,,,,,,,,,,,,,,SteelAxe,NoItem,NoItem,
,,Commander25,UnitTypeEnemy,,,,,,,,,ThunderMage,20,1,,$0140,Commander25Name,,GenderMale,$FF,,,,,,,,,,,,,,Bolting,Elthunder,NoItem,
,,ConnachtArmy6,UnitTypeEnemy,,,,,,,,,ThunderMage,18,0,,$0141,ConnachtArmy6Name,,GenderFemale,$FF,,,,,,,,,,,,,,Bolting,Elthunder,NoItem,
Ishtar,,,UnitTypeHoly,42,5,7,12,14,7,7,12,Sage,22,1,1,$0142,Ishtar1Name,$81,GenderFemale,$00,0,0,0,0,0,0,0,0,None,UnitSkill2Vantage,None,None,PrimaryThrudAncestry,Mjolnir,NoItem,NoItem,
,,Commander26,UnitTypeEnemy,,,,,,,,,General,25,1,,$0143,Commander26Name,,Genderless,$FF,,,,,,,,,,,,,,SilverLance,BraveBow,PI_BraveBow,
,,ConnachtArmy7,UnitTypeEnemy,,,,,,,,,LanceArmor,18,0,,$0144,ConnachtArmy7Name,,Genderless,$FF,,,,,,,,,,,,,,Javelin,NoItem,NoItem,
Bloom2,,,UnitTypeHoly,65,9,9,8,7,9,9,3,Baron,25,4,5,$0145,Bloom2Name,$81,GenderMale,$00,0,0,0,0,0,0,0,0,None,None,None,None,PrimaryThrudAncestry,Bolting,Thoron,NoItem,
,,ConnachtArmy8,UnitTypeEnemy,,,,,,,,,General,20,0,,$0146,ConnachtArmy8Name,,Genderless,$FF,,,,,,,,,,,,,,SilverLance,SteelBow,NoItem,
,,Civilian3,UnitTypeEnemy,,,,,,,,,Civilian,3,0,,$0147,Civilian3Name,,Genderless,$FF,,,,,,,,,,,,,,NoItem,NoItem,NoItem,
,,Civilian4,UnitTypeEnemy,,,,,,,,,Civilian,3,0,,$0148,Civilian4Name,,GenderFemale,$FF,,,,,,,,,,,,,,NoItem,NoItem,NoItem,
,,Commander27,UnitTypeEnemy,,,,,,,,,WyvernKnight,19,1,,$0149,Commander27Name,,Genderless,$FF,,,,,,,,,,,,,,SteelLance,SteelSword,NoItem,
,,ThraciaArmy3,UnitTypeEnemy,,,,,,,,,WyvernRider,16,0,,$014A,ThraciaArmy3Name,,Genderless,$FF,,,,,,,,,,,,,,Javelin,IronSword,NoItem,
,,Gortach,UnitTypeEnemy,,,,,,,,,WyvernKnight,19,0,,$014B,GortachName,,Genderless,$FF,,,,,,,,,,,,,,BraveSword,Javelin,PI_BraveSword1,
,,ThraciaArmy4,UnitTypeEnemy,,,,,,,,,WyvernRider,12,0,,$014C,ThraciaArmy4Name,,Genderless,$FF,,,,,,,,,,,,,,IronLance,IronSword,NoItem,
,,Commander28,UnitTypeEnemy,,,,,,,,,WyvernKnight,19,1,,$014D,Commander28Name,,GenderFemale,$FF,,,,,,,,,,,,,,SteelLance,SteelSword,PI_PrayerSword,
,,ThraciaArmy5,UnitTypeEnemy,,,,,,,,,WyvernRider,16,0,,$014E,ThraciaArmy5Name,,Genderless,$FF,,,,,,,,,,,,,,Javelin,IronSword,NoItem,
,,Commander29,UnitTypeEnemy,,,,,,,,,IronBallistician,20,1,,$014F,Commander29Name,,Genderless,$FF,,,,,,,,,,,,,,IronBallista,NoItem,NoItem,
,,ThraciaArmy6,UnitTypeEnemy,,,,,,,,,Ballistician,16,0,,$0150,ThraciaArmy6Name,,Genderless,$FF,,,,,,,,,,,,,,Ballista,NoItem,NoItem,
,,Maykov,UnitTypeEnemy,,,,,,,,,General,24,1,,$0151,MaykovName,,Genderless,$01,,,,,,,,,,,,,,SilverLance,KillerBow,PI_KillerBow,
Banba2,,,UnitTypeHoly,52,3,6,10,10,10,10,7,FireMage,22,3,1,$0152,Banba2Name,$82,GenderFemale,$00,0,0,0,0,0,0,0,0,None,None,None,None,None,Elfire,LegRing,NoItem,
Fodla2,,,UnitTypeHoly,52,3,6,10,10,10,10,7,WindMage,22,3,1,$0153,Fodla2Name,$83,GenderFemale,$00,0,0,0,0,0,0,0,0,None,None,None,None,None,Elwind,LegRing,NoItem,
Eriu2,,,UnitTypeHoly,52,3,6,10,10,10,10,7,ThunderMage,22,3,1,$0154,Eriu2Name,$84,GenderFemale,$00,0,0,0,0,0,0,0,0,None,None,None,None,None,Elthunder,LegRing,NoItem,
,,CappadociaArmy1,UnitTypeEnemy,,,,,,,,,HighPriest,22,0,,$0155,CappadociaArmy1Name,,Genderless,$FF,,,,,,,,,,,,,,Fortify,NoItem,PI_Fortify,
,,CappadociaArmy2,UnitTypeEnemy,,,,,,,,,LanceArmor,19,0,,$0156,CappadociaArmy2Name,,Genderless,$FF,,,,,,,,,,,,,,BraveLance,NoItem,NoItem,
,,CappadociaArmy3,UnitTypeEnemy,,,,,,,,,BowArmor,19,0,,$0157,CappadociaArmy3Name,,Genderless,$FF,,,,,,,,,,,,,,BraveBow,NoItem,NoItem,
,,CappadociaArmy4,UnitTypeEnemy,,,,,,,,,SwordArmor,19,0,,$0158,CappadociaArmy4Name,,Genderless,$FF,,,,,,,,,,,,,,SleepSword,NoItem,NoItem,
,,ThraciaArmy7,UnitTypeEnemy,,,,,,,,,WyvernRider,12,0,,$0159,ThraciaArmy7Name,,Genderless,$FF,,,,,,,,,,,,,,Javelin,IronSword,NoItem,
,,ThraciaArmy8,UnitTypeEnemy,,,,,,,,,WyvernRider,12,0,,$015A,ThraciaArmy8Name,,Genderless,$FF,,,,,,,,,,,,,,SleepSword,NoItem,NoItem,
,,Bandit7,UnitTypeEnemy,,,,,,,,,Brigand,25,1,,$015B,Bandit7Name,,Genderless,$FF,,,,,,,,,,,,,,SteelAxe,NoItem,NoItem,
,,Canut,UnitTypeEnemy,,,,,,,,,General,20,1,,$015C,CanutName,,Genderless,$FF,,,,,,,,,,,,,,SilverLance,Javelin,NoItem,
,,Distler,UnitTypeEnemy,,,,,,,,,General,22,1,,$015D,DistlerName,,Genderless,$FF,,,,,,,,,,,,,,SilverLance,Javelin,PI_ReturnRing2,
,,GalatiaArmy1,UnitTypeEnemy,,,,,,,,,LanceArmor,14,1,,$015E,GalatiaArmy1Name,,Genderless,$FF,,,,,,,,,,,,,,Javelin,NoItem,NoItem,
,,Mercenary10,UnitTypeEnemy,,,,,,,,,Forester,20,1,,$015F,Mercenary10Name,,Genderless,$FF,,,,,,,,,,,,,,SteelBlade,FlameBrand,NoItem,
,,Mercenary11,UnitTypeEnemy,,,,,,,,,Forester,20,1,,$0160,Mercenary11Name,,GenderFemale,$FF,,,,,,,,,,,,,,SteelBlade,LevinSword,NoItem,
Travant2,,,UnitTypeHoly,65,12,4,12,11,12,6,6,WyvernLord,30,4,1,$0161,Travant2Name,$81,GenderMale,$00,0,0,0,0,0,0,0,0,UnitSkill1Nihil,UnitSkill2Vantage,None,PrimaryDainnAncestry,None,SilverLance,PowerRing,PI_PowerRing1,
,,ThraciaArmy9,UnitTypeEnemy,,,,,,,,,WyvernKnight,20,0,,$0162,ThraciaArmy9Name,,Genderless,$FF,,,,,,,,,,,,,,Javelin,HealBracelet,NoItem,
,,Judas,UnitTypeEnemy,,,,,,,,,DarkBishop,22,1,,$0163,JudasName,,Genderless,$01,,,,,,,,,,,,,,Fenrir,Jormungandr,NoItem,
,,Commander30,UnitTypeEnemy,,,,,,,,,KillerBallistician,20,1,,$0164,Commander30Name,,Genderless,$FF,,,,,,,,,,,,,,KillerBallista,NoItem,NoItem,
,,GalatiaArmy2,UnitTypeEnemy,,,,,,,,,IronBallistician,18,0,,$0165,GalatiaArmy2Name,,Genderless,$FF,,,,,,,,,,,,,,IronBallista,NoItem,NoItem,
Arion1,,,UnitTypeHoly,70,14,6,15,14,13,9,12,WyvernLord,27,5,5,$0166,Arion1Name,$82,GenderMale,$00,0,0,0,0,0,0,0,0,UnitSkill1Adept | UnitSkill1Nihil,None,None,PrimaryDainnAncestry,None,Gungnir,MiracleBracelet,PI_MiracleBracelet,
,,WyvernKnight1,UnitTypeEnemy,,,,,,,,,WyvernKnight,24,0,,$0167,WyvernKnight1Name,,Genderless,$FF,,,,,,,,,,,,,,SlimLance,NoItem,NoItem,
,,WyvernKnight2,UnitTypeEnemy,,,,,,,,,WyvernKnight,24,0,,$0168,WyvernKnight2Name,,Genderless,$FF,,,,,,,,,,,,,,SleepSword,NoItem,NoItem,
,,Commander31,UnitTypeEnemy,,,,,,,,,WyvernKnight,23,3,,$0169,Commander31Name,,Genderless,$FF,,,,,,,,,,,,,,BraveLance,NoItem,NoItem,
,,ThraciaArmy10,UnitTypeEnemy,,,,,,,,,WyvernRider,15,0,,$016A,ThraciaArmy10Name,,Genderless,$FF,,,,,,,,,,,,,,Javelin,NoItem,NoItem,
,,Commander32,UnitTypeEnemy,,,,,,,,,WyvernKnight,23,3,,$016B,Commander32Name,,Genderless,$FF,,,,,,,,,,,,,,BraveLance,NoItem,NoItem,
,,ThraciaArmy11,UnitTypeEnemy,,,,,,,,,WyvernRider,15,0,,$016C,ThraciaArmy11Name,,Genderless,$FF,,,,,,,,,,,,,,Javelin,NoItem,NoItem,
,,Commander33,UnitTypeEnemy,,,,,,,,,WyvernKnight,23,3,,$016D,Commander33Name,,Genderless,$FF,,,,,,,,,,,,,,BraveLance,NoItem,NoItem,
,,ThraciaArmy12,UnitTypeEnemy,,,,,,,,,WyvernRider,15,0,,$016E,ThraciaArmy12Name,,Genderless,$FF,,,,,,,,,,,,,,Javelin,NoItem,NoItem,
Mousa,,,UnitTypeHoly,65,6,13,9,13,12,12,7,MageKnight,30,3,1,$016F,MousaName,$82,GenderMale,$00,0,0,0,0,0,0,0,0,UnitSkill1FollowUp,None,None,None,SecondaryForsetiAncestry,Tornado,ShieldRing,PI_Tornado,
,,ImperialArmy1,UnitTypeEnemy,,,,,,,,,GreatKnight,20,0,,$0170,ImperialArmy1Name,,Genderless,$FF,,,,,,,,,,,,,,SilverAxe,NoItem,NoItem,
,,ImperialArmy2,UnitTypeEnemy,,,,,,,,,Banneret,20,0,,$0171,ImperialArmy2Name,,Genderless,$FF,,,,,,,,,,,,,,SilverLance,NoItem,NoItem,
,,ImperialArmy3,UnitTypeEnemy,,,,,,,,,Ranger,20,0,,$0172,ImperialArmy3Name,,Genderless,$FF,,,,,,,,,,,,,,SilverBlade,NoItem,NoItem,
,,ImperialArmy4,UnitTypeEnemy,,,,,,,,,PaladinF,20,0,,$0173,ImperialArmy4Name,,GenderFemale,$FF,,,,,,,,,,,,,,MendStaff,NoItem,NoItem,
Riedel,,,UnitTypeHoly,65,12,4,12,13,12,6,15,Paladin,28,4,0,$0174,RiedelName,$81,GenderMale,$00,0,0,0,0,0,0,0,0,UnitSkill1FollowUp,UnitSkill2Critical,None,None,None,BraveSword,PowerRing,NoItem,
,,RiedelSquad1,UnitTypeEnemy,,,,,,,,,BowKnight,22,0,,$0175,RiedelSquad1Name,,Genderless,$FF,,,,,,,,,,,,,,SilverBow,SpeedRing,NoItem,
,,RiedelSquad2,UnitTypeEnemy,,,,,,,,,GreatKnight,22,0,,$0176,RiedelSquad2Name,,Genderless,$FF,,,,,,,,,,,,,,SilverAxe,SpeedRing,NoItem,
,,RiedelSquad3,UnitTypeEnemy,,,,,,,,,MageKnight,22,0,,$0177,RiedelSquad3Name,,Genderless,$FF,,,,,,,,,,,,,,Elthunder,SpeedRing,NoItem,
,,RiedelSquad4,UnitTypeEnemy,,,,,,,,,Banneret,22,0,,$0178,RiedelSquad4Name,,Genderless,$FF,,,,,,,,,,,,,,SilverLance,SpeedRing,NoItem,
,,RiedelSquad5,UnitTypeEnemy,,,,,,,,,Troubadour,16,0,,$0179,RiedelSquad5Name,,Genderless,$FF,,,,,,,,,,,,,,MendStaff,SpeedRing,NoItem,
,,Morrigan,UnitTypeEnemy,,,,,,,,,DarkBishop,25,2,,$017A,MorriganName,,Genderless,$FF,,,,,,,,,,,,,,Fenrir,Jormungandr,NoItem,
,,DarkMage1,UnitTypeEnemy,,,,,,,,,DarkMage,17,0,,$017B,DarkMage1Name,,Genderless,$FF,,,,,,,,,,,,,,Hel,NoItem,NoItem,
,,Pirate12,UnitTypeEnemy,,,,,,,,,Pirate,25,1,,$017C,Pirate12Name,,Genderless,$FF,,,,,,,,,,,,,,SteelAxe,NoItem,NoItem,
Hilda1,,,UnitTypeHoly,70,7,15,11,12,9,15,5,Queen,27,3,0,$017D,Hilda1Name,$81,GenderFemale,$00,0,0,0,0,0,0,0,0,UnitSkill1FollowUp,None,None,SecondaryFjalarAncestry,None,Bolganone,SpeedRing,PI_Bolganone,
,,DarkBishop1,UnitTypeEnemy,,,,,,,,,DarkBishop,24,2,,$017E,DarkBishop1Name,,Genderless,$FF,,,,,,,,,,,,,,Fortify,NoItem,PI_BarrierRing1,
,,DarkMage2,UnitTypeEnemy,,,,,,,,,DarkMage,19,0,,$017F,DarkMage2Name,,Genderless,$FF,,,,,,,,,,,,,,Jormungandr,NoItem,NoItem,
,,DarkMage3,UnitTypeEnemy,,,,,,,,,DarkMage,19,0,,$0180,DarkMage3Name,,Genderless,$FF,,,,,,,,,,,,,,Hel,NoItem,NoItem,
,,Mercenary12,UnitTypeEnemy,,,,,,,,,Forester,21,0,,$0181,Mercenary12Name,,Genderless,$FF,,,,,,,,,,,,,,SilverSword,NoItem,NoItem,
,,Mercenary13,UnitTypeEnemy,,,,,,,,,Sniper,21,0,,$0182,Mercenary13Name,,Genderless,$FF,,,,,,,,,,,,,,SilverBow,NoItem,NoItem,
,,Child2,UnitTypeEnemy,,,,,,,,,Child,1,0,,$0183,Child2Name,,GenderMale,$FF,,,,,,,,,,,,,,NoItem,NoItem,NoItem,
,,Child3,UnitTypeEnemy,,,,,,,,,Child,1,0,,$0184,Child3Name,,GenderFemale,$FF,,,,,,,,,,,,,,NoItem,NoItem,NoItem,
,,Zagam,UnitTypeEnemy,,,,,,,,,DarkBishop,27,2,,$0185,ZagamName,,Genderless,$FF,,,,,,,,,,,,,,Fortify,Jormungandr,NoItem,
,,DarkMage4,UnitTypeEnemy,,,,,,,,,DarkMage,22,1,,$0186,DarkMage4Name,,Genderless,$FF,,,,,,,,,,,,,,Jormungandr,NoItem,NoItem,
,,DarkMage5,UnitTypeEnemy,,,,,,,,,DarkMage,22,1,,$0187,DarkMage5Name,,Genderless,$FF,,,,,,,,,,,,,,Hel,NoItem,NoItem,
,,DarkMage6,UnitTypeEnemy,,,,,,,,,DarkMage,22,1,,$0188,DarkMage6Name,,Genderless,$FF,,,,,,,,,,,,,,SleepStaff,NoItem,NoItem,
,,DarkMage7,UnitTypeEnemy,,,,,,,,,DarkMage,22,1,,$0189,DarkMage7Name,,Genderless,$FF,,,,,,,,,,,,,,Fenrir,NoItem,NoItem,
,,DarkMage8,UnitTypeEnemy,,,,,,,,,DarkMage,22,1,,$018A,DarkMage8Name,,Genderless,$FF,,,,,,,,,,,,,,PhysicStaff,NoItem,NoItem,
,,Mercenary14,UnitTypeEnemy,,,,,,,,,Forester,22,1,,$018B,Mercenary14Name,,Genderless,$FF,,,,,,,,,,,,,,SilverSword,NoItem,NoItem,
,,Mercenary15,UnitTypeEnemy,,,,,,,,,Sniper,22,1,,$018C,Mercenary15Name,,Genderless,$FF,,,,,,,,,,,,,,SilverBow,NoItem,NoItem,
,,Mercenary16,UnitTypeEnemy,,,,,,,,,Warrior,22,1,,$018D,Mercenary16Name,,Genderless,$FF,,,,,,,,,,,,,,SilverAxe,NoItem,NoItem,
Julius,,,UnitTypeHoly,80,15,15,15,15,15,15,13,DarkPrince,30,5,0,$018E,Julius1Name,$81,GenderMale,$00,0,0,0,0,0,0,0,0,UnitSkill1Wrath | UnitSkill1FollowUp,UnitSkill2Onslaught,None,SecondaryFjalarAncestry,PrimaryLoptousAncestry,Loptous,LegRing,PI_LegRing,
Ishtar2,,,UnitTypeHoly,50,5,13,12,15,7,14,13,Sage,27,5,0,$018F,Ishtar2Name,$82,GenderFemale,$00,0,0,0,0,0,0,0,0,None,UnitSkill2Vantage,None,None,PrimaryThrudAncestry,Mjolnir,BarrierRing,PI_HealBracelet2,
Arvis3,,,UnitTypeHoly,80,12,15,15,15,15,15,4,Emperor,30,5,0,$0190,Arvis3Name,$81,GenderMale,$00,0,0,0,0,0,0,0,0,UnitSkill1Nihil,None,None,PrimaryFjalarAncestry,SecondaryLoptousAncestry,Valflame,SilverBlade,NoItem,
,,Rotritter5,UnitTypeEnemy,,,,,,,,,FireMage,25,0,,$0191,Rotritter5Name,,Genderless,$FF,,,,,,,,,,,,,,Meteor,Elfire,NoItem,
,,Rotritter6,UnitTypeEnemy,,,,,,,,,HighPriest,25,0,,$0192,Rotritter6Name,,Genderless,$FF,,,,,,,,,,,,,,Fortify,NoItem,NoItem,
,,Rotritter7,UnitTypeEnemy,,,,,,,,,FireMage,25,0,,$0193,Rotritter7Name,,Genderless,$FF,,,,,,,,,,,,,,Meteor,Elfire,NoItem,
,,DarkMage9,UnitTypeEnemy,,,,,,,,,DarkMage,15,1,,$0194,DarkMage9Name,,Genderless,$FF,,,,,,,,,,,,,,Jormungandr,NoItem,NoItem,
,,Polemarch,UnitTypeEnemy,,,,,,,,,Bishop,20,1,,$0195,PolemarchName,,Genderless,$FF,,,,,,,,,,,,,,MendStaff,NoItem,NoItem,
,,Child4,UnitTypeEnemy,,,,,,,,,Child,1,0,,$0196,Child4Name,,GenderMale,$FF,,,,,,,,,,,,,,NoItem,NoItem,NoItem,
,,Child5,UnitTypeEnemy,,,,,,,,,Child,1,0,,$0197,Child5Name,,GenderFemale,$FF,,,,,,,,,,,,,,NoItem,NoItem,NoItem,
,,Commander34,UnitTypeEnemy,,,,,,,,,Baron,30,2,,$0198,Commander34Name,,Genderless,$FF,,,,,,,,,,,,,,SilverLance,Fortify,NoItem,
,,Rotritter8,UnitTypeEnemy,,,,,,,,,LanceArmor,25,0,,$0199,Rotritter8Name,,Genderless,$FF,,,,,,,,,,,,,,BraveLance,NoItem,NoItem,
,,Rotritter9,UnitTypeEnemy,,,,,,,,,BowArmor,30,0,,$019A,Rotritter9Name,,Genderless,$FF,,,,,,,,,,,,,,BraveBow,NoItem,NoItem,
,,Commander35,UnitTypeEnemy,,,,,,,,,Bishop,30,2,,$019B,Commander35Name,,Genderless,$FF,,,,,,,,,,,,,,SleepStaff,Fortify,NoItem,
,,Rotritter10,UnitTypeEnemy,,,,,,,,,Priest,25,0,,$019C,Rotritter10Name,,Genderless,$FF,,,,,,,,,,,,,,PhysicStaff,NoItem,NoItem,
,,Rotritter11,UnitTypeEnemy,,,,,,,,,FireMage,30,0,,$019D,Rotritter11Name,,Genderless,$FF,,,,,,,,,,,,,,Elfire,NoItem,NoItem,
,,Commander36,UnitTypeEnemy,,,,,,,,,MageKnight,30,2,,$019E,Commander36Name,,Genderless,$FF,,,,,,,,,,,,,,Elfire,SlimSword,NoItem,
,,Rotritter12,UnitTypeEnemy,,,,,,,,,BowKnight,25,0,,$019F,Rotritter12Name,,Genderless,$FF,,,,,,,,,,,,,,SilverBow,NoItem,NoItem,
,,Rotritter13,UnitTypeEnemy,,,,,,,,,GreatKnight,25,0,,$01A0,Rotritter13Name,,Genderless,$FF,,,,,,,,,,,,,,SilverAxe,NoItem,NoItem,
,,Rotritter14,UnitTypeEnemy,,,,,,,,,Banneret,25,0,,$01A1,Rotritter14Name,,Genderless,$FF,,,,,,,,,,,,,,SilverLance,NoItem,NoItem,
,,DarkMage10,UnitTypeEnemy,,,,,,,,,DarkMage,22,1,,$01A2,DarkMage10Name,,Genderless,$FF,,,,,,,,,,,,,,SleepStaff,NoItem,NoItem,
,,DarkMage11,UnitTypeEnemy,,,,,,,,,DarkMage,22,1,,$01A3,DarkMage11Name,,Genderless,$FF,,,,,,,,,,,,,,Fenrir,NoItem,NoItem,
Robertus,,,UnitTypeHoly,70,12,9,13,15,12,13,15,Paladin,26,2,0,$01A4,RobertusName,$80,GenderMale,$00,0,0,0,0,0,0,0,0,UnitSkill1FollowUp,UnitSkill2Onslaught,None,None,None,BraveSword,Javelin,NoItem,
,,Mercenary17,UnitTypeEnemy,,,,,,,,,BowKnight,21,0,,$01A5,Mercenary17Name,,Genderless,$FF,,,,,,,,,,,,,,SilverBow,NoItem,NoItem,
,,Mercenary18,UnitTypeEnemy,,,,,,,,,Ranger,21,0,,$01A6,Mercenary18Name,,Genderless,$FF,,,,,,,,,,,,,,SilverSword,NoItem,NoItem,
,,Mercenary19,UnitTypeEnemy,,,,,,,,,MageKnight,21,0,,$01A7,Mercenary19Name,,Genderless,$FF,,,,,,,,,,,,,,Elfire,NoItem,NoItem,
,,Mercenary20,UnitTypeEnemy,,,,,,,,,Banneret,21,0,,$01A8,Mercenary20Name,,Genderless,$FF,,,,,,,,,,,,,,SilverLance,NoItem,NoItem,
,,Mercenary21,UnitTypeEnemy,,,,,,,,,Troubadour,21,0,,$01A9,Mercenary21Name,,Genderless,$FF,,,,,,,,,,,,,,MendStaff,MiracleBracelet,NoItem,
Boece,,,UnitTypeHoly,72,14,5,13,12,12,9,11,Swordmaster,27,1,0,$01AA,BoeceName,$82,GenderMale,$00,0,0,0,0,0,0,0,0,None,UnitSkill2Critical | UnitSkill2Sol,None,None,None,SilverSword,LevinSword,NoItem,
,,Mercenary22,UnitTypeEnemy,,,,,,,,,Forester,25,0,,$01AB,Mercenary22Name,,Genderless,$FF,,,,,,,,,,,,,,SilverSword,NoItem,NoItem,
,,Mercenary23,UnitTypeEnemy,,,,,,,,,Sniper,25,0,,$01AC,Mercenary23Name,,Genderless,$FF,,,,,,,,,,,,,,SilverBow,NoItem,NoItem,
,,Rodin,UnitTypeEnemy,,,,,,,,,Bishop,28,2,,$01AD,RodinName,,Genderless,$FF,,,,,,,,,,,,,,SleepStaff,Elthunder,NoItem,
,,EddaArmy1,UnitTypeEnemy,,,,,,,,,Bishop,27,0,,$01AE,EddaArmy1Name,,Genderless,$FF,,,,,,,,,,,,,,Meteor,Elfire,NoItem,
,,EddaArmy2,UnitTypeEnemy,,,,,,,,,Bishop,27,0,,$01AF,EddaArmy2Name,,Genderless,$FF,,,,,,,,,,,,,,Bolting,Elthunder,NoItem,
,,EddaArmy3,UnitTypeEnemy,,,,,,,,,HighPriest,30,0,,$01B0,EddaArmy3Name,,Genderless,$FF,,,,,,,,,,,,,,SleepStaff,Thunder,NoItem,
,,EddaArmy4,UnitTypeEnemy,,,,,,,,,HighPriest,27,0,,$01B1,EddaArmy4Name,,GenderFemale,$FF,,,,,,,,,,,,,,Fortify,Fire,NoItem,
,,Uphir,UnitTypeEnemy,,,,,,,,,DarkBishop,29,1,,$01B2,UphirName,,Genderless,$01,,,,,,,,,,,,,,Fenrir,Jormungandr,NoItem,
,,DarkMage12,UnitTypeEnemy,,,,,,,,,DarkMage,20,0,,$01B3,DarkMage12Name,,Genderless,$FF,,,,,,,,,,,,,,Fenrir,Jormungandr,NoItem,
,,DarkMage13,UnitTypeEnemy,,,,,,,,,DarkMage,20,0,,$01B4,DarkMage13Name,,Genderless,$FF,,,,,,,,,,,,,,SilenceStaff,NoItem,NoItem,
,,Fisher,UnitTypeEnemy,,,,,,,,,GreatKnight,27,2,,$01B5,FisherName,,Genderless,$FF,,,,,,,,,,,,,,SilverAxe,ShieldRing,NoItem,
,,DozelArmy1,UnitTypeEnemy,,,,,,,,,AxeKnight,25,0,,$01B6,DozelArmy1Name,,Genderless,$FF,,,,,,,,,,,,,,SteelAxe,ShieldRing,NoItem,
,,DozelArmy2,UnitTypeEnemy,,,,,,,,,AxeKnight,25,0,,$01B7,DozelArmy2Name,,Genderless,$FF,,,,,,,,,,,,,,HandAxe,ShieldRing,NoItem,
Brian,,,UnitTypeHoly,80,15,7,12,14,15,10,12,MasterKnight,30,4,0,$01B8,BrianName,$81,GenderMale,$00,0,0,0,0,0,0,0,0,UnitSkill1FollowUp,UnitSkill2Onslaught,None,PrimaryNalAncestry,None,Helswath,HealBracelet,NoItem,
Grauritter2,,,UnitTypeHoly,70,11,3,7,12,12,8,10,GreatKnight,26,0,0,$01B9,Grauritter2Name,$80,GenderMale,$00,0,0,0,0,0,0,0,0,UnitSkill1FollowUp,None,None,None,None,SilverAxe,NoItem,NoItem,
,,Grauritter3,UnitTypeEnemy,,,,,,,,,Troubadour,26,0,,$01BA,Grauritter3Name,,Genderless,$FF,,,,,,,,,,,,,,MendStaff,ShieldRing,NoItem,
,,Dagan,UnitTypeEnemy,,,,,,,,,DarkBishop,29,1,,$01BB,DaganName,,Genderless,$FF,,,,,,,,,,,,,,Fenrir,Jormungandr,NoItem,
Scipio,,,UnitTypeHoly,80,14,3,10,11,12,6,12,MasterKnight,29,3,0,$01BC,ScipioName,$81,GenderMale,$00,0,0,0,0,0,0,0,0,UnitSkill1FollowUp,UnitSkill2Onslaught,None,None,None,KillerBow,HealBracelet,NoItem,
,,Beigeritter3,UnitTypeEnemy,,,,,,,,,BowKnight,26,0,,$01BD,Beigeritter3Name,,Genderless,$FF,,,,,,,,,,,,,,BraveBow,NoItem,NoItem,
,,Beigeritter4,UnitTypeEnemy,,,,,,,,,Troubadour,26,0,,$01BE,Beigeritter4Name,,Genderless,$FF,,,,,,,,,,,,,,MendStaff,ShieldRing,NoItem,
Hilda2,,,UnitTypeHoly,70,7,15,11,12,9,15,5,Queen,27,3,0,$01BF,Hilda2Name,$81,GenderFemale,$00,0,0,0,0,0,0,0,0,UnitSkill1FollowUp,None,None,SecondaryFjalarAncestry,None,Bolganone,Fortify,NoItem,
,,Gelbritter2,UnitTypeEnemy,,,,,,,,,Baron,25,0,,$01C0,Gelbritter2Name,,Genderless,$FF,,,,,,,,,,,,,,Thoron,SilverLance,NoItem,
,,Gelbritter3,UnitTypeEnemy,,,,,,,,,Baron,25,0,,$01C1,Gelbritter3Name,,Genderless,$FF,,,,,,,,,,,,,,Fortify,SilverLance,NoItem,
,,DarkBishop2,UnitTypeEnemy,,,,,,,,,DarkBishop,25,1,,$01C2,DarkBishop2Name,,Genderless,$FF,,,,,,,,,,,,,,Fenrir,NoItem,NoItem,
,,DarkMage14,UnitTypeEnemy,,,,,,,,,DarkMage,18,0,,$01C3,DarkMage14Name,,Genderless,$FF,,,,,,,,,,,,,,SleepStaff,NoItem,NoItem,
Manfroy,,,UnitTypeHoly,80,10,14,15,14,13,15,6,DarkBishop,30,4,0,$01C4,ManfroyName,$81,GenderMale,$00,0,0,0,0,0,0,0,0,UnitSkill1FollowUp | UnitSkill1Adept | UnitSkill1Charm,None,None,None,None,Fenrir,Jormungandr,NoItem,
,,DarkMage15,UnitTypeEnemy,,,,,,,,,DarkMage,30,0,,$01C5,DarkMage15Name,,Genderless,$FF,,,,,,,,,,,,,,Hel,SleepStaff,NoItem,
Julius2,,,UnitTypeHoly,80,15,10,15,15,15,15,13,DarkPrince,30,3,0,$01C6,Julius2Name,$81,GenderMale,$00,0,0,0,0,0,0,0,0,UnitSkill1Wrath | UnitSkill1FollowUp | UnitSkill1Nihil,UnitSkill2Onslaught,None,SecondaryFjalarAncestry,PrimaryLoptousAncestry,Loptous,Meteor,NoItem,
Mus,,,UnitTypeHoly,80,13,13,13,13,13,13,4,Baron,30,0,0,$01C7,MusName,$80,GenderMale,$00,0,0,0,0,0,0,0,0,UnitSkill1FollowUp | UnitSkill1Adept,None,None,None,None,SilverLance,NoItem,NoItem,
Bovis,,,UnitTypeHoly,80,13,13,13,13,13,13,4,Forester,30,0,0,$01C8,BovisName,$80,GenderMale,$00,0,0,0,0,0,0,0,0,None,UnitSkill2Critical | UnitSkill2Onslaught,None,None,None,SilverBlade,NoItem,NoItem,
Tigris,,,UnitTypeHoly,80,13,13,13,13,13,13,4,Warrior,30,0,0,$01C9,TigrisName,$80,GenderMale,$00,0,0,0,0,0,0,0,0,UnitSkill1Wrath | UnitSkill1FollowUp,None,None,None,None,SilverAxe,NoItem,NoItem,
Lepus,,,UnitTypeHoly,80,13,13,13,13,13,13,4,HighPriest,30,0,0,$01CA,LepusName,$80,GenderFemale,$00,0,0,0,0,0,0,0,0,UnitSkill1Miracle,None,UnitSkill3Heal,None,None,Fortify,NoItem,NoItem,
Draco,,,UnitTypeHoly,80,13,13,13,13,13,13,4,Sniper,30,0,0,$01CB,DracoName,$80,GenderMale,$00,0,0,0,0,0,0,0,0,UnitSkill1Adept,UnitSkill2Onslaught,None,None,None,KillerBow,NoItem,NoItem,
Anguilla,,,UnitTypeHoly,80,13,13,13,13,13,13,4,MageFighterF,30,0,0,$01CC,AnguillaName,$80,GenderFemale,$00,0,0,0,0,0,0,0,0,UnitSkill1Wrath | UnitSkill1FollowUp,None,None,None,SecondaryThrudAncestry,Thoron,NoItem,NoItem,
Equus,,,UnitTypeHoly,80,13,13,13,13,13,13,4,Bishop,30,0,0,$01CD,EquusName,$80,GenderMale,$00,0,0,0,0,0,0,0,0,UnitSkill1FollowUp,UnitSkill2Critical,None,SecondaryFjalarAncestry,None,Bolganone,NoItem,NoItem,
Ovis,,,UnitTypeHoly,80,13,13,13,13,13,13,4,Sage,30,0,0,$01CE,OvisName,$80,GenderMale,$00,0,0,0,0,0,0,0,0,UnitSkill1FollowUp,UnitSkill2Onslaught,None,None,SecondaryForsetiAncestry,Tornado,NoItem,NoItem,
Simia,,,UnitTypeHoly,80,13,13,13,13,13,13,4,Swordmaster,30,0,0,$01CF,SimiaName,$80,GenderFemale,$00,0,0,0,0,0,0,0,0,None,UnitSkill2Critical,UnitSkill3Heal,None,None,SilverSword,NoItem,NoItem,
Gallus,,,UnitTypeHoly,80,13,13,13,13,13,13,4,DarkBishop,30,0,0,$01D0,GallusName,$80,GenderMale,$00,0,0,0,0,0,0,0,0,UnitSkill1FollowUp,None,UnitSkill3Heal,None,None,Hel,NoItem,NoItem,
Canis,,,UnitTypeHoly,80,13,13,13,13,13,13,4,Shaman,30,0,0,$01D1,CanisName,$80,GenderFemale,$00,0,0,0,0,0,0,0,0,UnitSkill1FollowUp,UnitSkill2Critical,None,None,None,Nosferatu,NoItem,NoItem,
Porcus,,,UnitTypeHoly,80,13,13,13,13,13,13,4,ThiefFighter,30,0,0,$01D2,PorcusName,$80,GenderMale,$00,0,0,0,0,0,0,0,0,UnitSkill1FollowUp,UnitSkill2Critical,None,None,None,BraveSword,NoItem,NoItem,
Arion2,,,UnitTypeHoly,70,14,6,15,14,13,9,12,WyvernLord,27,5,0,$01D3,Arion2Name,$81,GenderMale,$00,0,0,0,0,0,0,0,0,UnitSkill1Adept | UnitSkill1Nihil,None,None,PrimaryDainnAncestry,None,Gungnir,NoItem,NoItem,
,,WyvernKnight3,UnitTypeEnemy,,,,,,,,,WyvernKnight,24,0,,$01D4,WyvernKnight3Name,,GenderMale,$FF,,,,,,,,,,,,,,BraveLance,NoItem,NoItem,
Ishtar3,,,UnitTypeHoly,70,6,15,15,15,15,15,15,Sage,30,5,0,$01D5,Ishtar3Name,$82,GenderFemale,$00,0,0,0,0,0,0,0,0,None,UnitSkill2Vantage,None,None,PrimaryThrudAncestry,Mjolnir,BarrierRing,NoItem,
Meng,,,UnitTypeHoly,65,12,6,13,15,15,15,30,FalconKnight,25,4,0,$01D6,MengName,$80,GenderFemale,$00,0,0,0,0,0,0,0,0,UnitSkill1FollowUp | UnitSkill1Nihil,UnitSkill2Critical,None,None,SecondaryForsetiAncestry,LandsSword,LegRing,NoItem,
Meabel,,,UnitTypeHoly,65,12,6,13,15,15,15,30,FalconKnight,25,0,0,$01D7,MeabelName,$80,GenderFemale,$00,0,0,0,0,0,0,0,0,UnitSkill1FollowUp | UnitSkill1Nihil,UnitSkill2Critical,None,None,SecondaryForsetiAncestry,LandsSword,LegRing,NoItem,
Breg,,,UnitTypeHoly,65,12,6,13,15,15,15,30,FalconKnight,25,0,0,$01D8,BregName,$80,GenderFemale,$00,0,0,0,0,0,0,0,0,UnitSkill1FollowUp | UnitSkill1Nihil,UnitSkill2Critical,None,None,SecondaryForsetiAncestry,LandsSword,LegRing,NoItem,
,,BelhallaArmy1,UnitTypeEnemy,,,,,,,,,Forester,22,0,,$01D9,BelhallaArmy1Name,,Genderless,$FF,,,,,,,,,,,,,,BraveSword,NoItem,NoItem,
,,BelhallaArmy2,UnitTypeEnemy,,,,,,,,,Sniper,22,0,,$01DA,BelhallaArmy2Name,,Genderless,$FF,,,,,,,,,,,,,,KillerBow,NoItem,NoItem,
,,BelhallaArmy3,UnitTypeEnemy,,,,,,,,,Sage,22,0,,$01DB,BelhallaArmy3Name,,Genderless,$FF,,,,,,,,,,,,,,Elwind,NoItem,NoItem,
,,BelhallaArmy4,UnitTypeEnemy,,,,,,,,,HighPriest,22,0,,$01DC,BelhallaArmy4Name,,Genderless,$FF,,,,,,,,,,,,,,Fortify,NoItem,NoItem,
,,Balan,UnitTypeEnemy,,,,,,,,,DarkBishop,29,1,,$01DD,BalanName,,Genderless,$FF,,,,,,,,,,,,,,Fenrir,Jormungandr,NoItem,
,,Kutuzov2,UnitTypeEnemy,,,,,,,,,DarkBishop,20,1,,$01DE,Kutuzov2Name,,Genderless,$01,,,,,,,,,,,,,,Fenrir,Jormungandr,PI_BargainBracelet,
,,Bandit8,UnitTypeEnemy,,,,,,,,,ThiefFighter,25,1,,$01DF,Bandit8Name,,Genderless,$FF,,,,,,,,,,,,,,WingClipper,NoItem,NoItem,
,,Ghazzak,UnitTypeEnemy,,,,,,,,,AxeFighter,1,0,,$01E0,GhazzakName,,Genderless,$FF,,,,,,,,,,,,,,IronAxe,HandAxe,NoItem,
,,Clotho,UnitTypeEnemy,,,,,,,,,Mage,4,0,,$01E1,ClothoName,,Genderless,$FF,,,,,,,,,,,,,,Fire,NoItem,NoItem,
,,Wiseman,UnitTypeEnemy,,,,,,,,,LanceKnight,7,0,,$01E2,WisemanName,,Genderless,$FF,,,,,,,,,,,,,,IronLance,Javelin,NoItem,
,,Shark,UnitTypeEnemy,,,,,,,,,SwordFighter,10,0,,$01E3,SharkName,,Genderless,$FF,,,,,,,,,,,,,,SteelSword,NoItem,NoItem,
,,Hood,UnitTypeEnemy,,,,,,,,,Hunter,10,0,,$01E4,HoodName,,Genderless,$FF,,,,,,,,,,,,,,SteelBow,NoItem,NoItem,
,,Bacchus,UnitTypeEnemy,,,,,,,,,AxeArmor,13,0,,$01E5,BacchusName,,Genderless,$FF,,,,,,,,,,,,,,SteelAxe,HandAxe,NoItem,
,,Emir,UnitTypeEnemy,,,,,,,,,WindMage,16,0,,$01E6,EmirName,,Genderless,$FF,,,,,,,,,,,,,,Elwind,SpeedRing,NoItem,
,,Dares1,UnitTypeEnemy,,,,,,,,,General,19,0,,$01E7,Dares1Name,,Genderless,$FF,,,,,,,,,,,,,,SteelBlade,SteelBow,NoItem,
,,Giraud,UnitTypeEnemy,,,,,,,,,AxeFighter,5,0,,$01E8,GiraudName,,Genderless,$FF,,,,,,,,,,,,,,SteelAxe,HandAxe,NoItem,
,,Mahatma,UnitTypeEnemy,,,,,,,,,FireMage,8,0,,$01E9,MahatmaName,,Genderless,$FF,,,,,,,,,,,,,,Elfire,NoItem,NoItem,
,,Lofn,UnitTypeEnemy,,,,,,,,,LanceKnight,11,0,,$01EA,LofnName,,Genderless,$FF,,,,,,,,,,,,,,SteelLance,Javelin,NoItem,
,,Bakunin,UnitTypeEnemy,,,,,,,,,SwordFighter,14,0,,$01EB,BakuninName,,Genderless,$FF,,,,,,,,,,,,,,SteelSword,NoItem,NoItem,
,,Millet,UnitTypeEnemy,,,,,,,,,BowFighter,14,0,,$01EC,MilletName,,Genderless,$FF,,,,,,,,,,,,,,SteelBow,NoItem,NoItem,
,,Herzog,UnitTypeEnemy,,,,,,,,,LanceArmor,17,0,,$01ED,HerzogName,,Genderless,$FF,,,,,,,,,,,,,,SteelLance,Javelin,NoItem,
,,Tchaikov,UnitTypeEnemy,,,,,,,,,ThunderMage,20,0,,$01EE,TchaikovName,,Genderless,$FF,,,,,,,,,,,,,,Elthunder,ShieldRing,NoItem,
,,Keimos1,UnitTypeEnemy,,,,,,,,,Forester,23,0,,$01EF,Keimos1Name,,Genderless,$FF,,,,,,,,,,,,,,SteelBlade,NoItem,NoItem,
,,Marilyn1,UnitTypeEnemy,,,,,,,,,Sniper,23,0,,$01F0,Marilyn1Name,,GenderFemale,$FF,,,,,,,,,,,,,,SilverBow,NoItem,NoItem,
,,Tyler,UnitTypeEnemy,,,,,,,,,Cavalier,9,0,,$01F1,TylerName,,Genderless,$FF,,,,,,,,,,,,,,SteelSword,NoItem,NoItem,
,,Rip1,UnitTypeEnemy,,,,,,,,,ArcherKnight,9,0,,$01F2,Rip1Name,,Genderless,$FF,,,,,,,,,,,,,,SteelBow,NoItem,NoItem,
,,Pelliot,UnitTypeEnemy,,,,,,,,,AxeKnight,12,0,,$01F3,PelliotName,,Genderless,$FF,,,,,,,,,,,,,,SteelAxe,HandAxe,NoItem,
,,Treville,UnitTypeEnemy,,,,,,,,,SwordFighter,15,0,,$01F4,TrevilleName,,Genderless,$FF,,,,,,,,,,,,,,SteelBlade,NoItem,NoItem,
,,Guerre,UnitTypeEnemy,,,,,,,,,BowArmor,15,0,,$01F5,GuerreName,,Genderless,$FF,,,,,,,,,,,,,,BraveBow,NoItem,NoItem,
,,Bazin,UnitTypeEnemy,,,,,,,,,LanceArmor,18,0,,$01F6,BazinName,,Genderless,$FF,,,,,,,,,,,,,,SteelLance,Javelin,NoItem,
,,Dumas,UnitTypeEnemy,,,,,,,,,DarkMage,21,0,,$01F7,DumasName,,Genderless,$FF,,,,,,,,,,,,,,Jormungandr,ShieldRing,NoItem,
,,Kayra,UnitTypeEnemy,,,,,,,,,Banneret,24,0,,$01F8,KayraName,,Genderless,$FF,,,,,,,,,,,,,,BraveLance,Javelin,NoItem,
,,Thornton1,UnitTypeEnemy,,,,,,,,,GreatKnight,27,0,,$01F9,Thornton1Name,,Genderless,$FF,,,,,,,,,,,,,,BraveAxe,NoItem,NoItem,
,,Mario1,UnitTypeEnemy,,,,,,,,,BowKnight,27,0,,$01FA,Mario1Name,,Genderless,$FF,,,,,,,,,,,,,,BraveBow,NoItem,NoItem,
,,Kemal,UnitTypeEnemy,,,,,,,,,WindMage,13,0,,$01FB,KemalName,,Genderless,$FF,,,,,,,,,,,,,,Elwind,NoItem,NoItem,
,,Kaledin,UnitTypeEnemy,,,,,,,,,Paladin,16,0,,$01FC,KaledinName,,Genderless,$FF,,,,,,,,,,,,,,SteelSword,NoItem,NoItem,
,,Keith,UnitTypeEnemy,,,,,,,,,BowKnight,16,0,,$01FD,KeithName,,Genderless,$FF,,,,,,,,,,,,,,SteelBow,NoItem,NoItem,
,,Senghor,UnitTypeEnemy,,,,,,,,,Ranger,19,0,,$01FE,SenghorName,,Genderless,$FF,,,,,,,,,,,,,,SteelBlade,FlameBrand,NoItem,
,,Nikita,UnitTypeEnemy,,,,,,,,,PegasusKnight,22,0,,$01FF,NikitaName,,GenderFemale,$FF,,,,,,,,,,,,,,BraveLance,NoItem,NoItem,
,,Nene,UnitTypeEnemy,,,,,,,,,BowFighter,22,0,,$0200,NeneName,,GenderFemale,$FF,,,,,,,,,,,,,,SilverBow,NoItem,NoItem,
,,Graf,UnitTypeEnemy,,,,,,,,,MageKnight,25,0,,$0201,GrafName,,Genderless,$FF,,,,,,,,,,,,,,Elthunder,ShieldRing,NoItem,
,,Niklas,UnitTypeEnemy,,,,,,,,,Warrior,28,0,,$0202,NiklasName,,Genderless,$FF,,,,,,,,,,,,,,BraveAxe,BraveBow,NoItem,
,,Attalus1,UnitTypeEnemy,,,,,,,,,Baron,30,0,,$0203,Attalus1Name,,Genderless,$FF,,,,,,,,,,,,,,Bolganone,SkillRing,NoItem,
,,Jackal,UnitTypeEnemy,,,,,,,,,SwordFighter,17,0,,$0204,JackalName,,Genderless,$FF,,,,,,,,,,,,,,SteelSword,NoItem,NoItem,
,,Rip2,UnitTypeEnemy,,,,,,,,,BowFighter,17,0,,$0205,Rip2Name,,Genderless,$FF,,,,,,,,,,,,,,SilverBow,NoItem,NoItem,
,,Goliath,UnitTypeEnemy,,,,,,,,,Warrior,20,0,,$0206,GoliathName,,Genderless,$FF,,,,,,,,,,,,,,SteelAxe,HandAxe,NoItem,
,,Gries,UnitTypeEnemy,,,,,,,,,General,23,0,,$0207,GriesName,,Genderless,$FF,,,,,,,,,,,,,,SteelBlade,SteelBow,NoItem,
,,Leigh,UnitTypeEnemy,,,,,,,,,Forester,26,0,,$0208,LeighName,,Genderless,$FF,,,,,,,,,,,,,,LevinSword,SpeedRing,NoItem,
,,Sichel,UnitTypeEnemy,,,,,,,,,WyvernKnight,29,0,,$0209,SichelName,,Genderless,$FF,,,,,,,,,,,,,,Ridersbane,NoItem,NoItem,
,,Hawkes,UnitTypeEnemy,,,,,,,,,Sniper,29,0,,$020A,HawkesName,,Genderless,$FF,,,,,,,,,,,,,,KillerBow,ShieldRing,NoItem,
,,Nazarre,UnitTypeEnemy,,,,,,,,,Swordmaster,30,0,,$020B,NazarreName,,Genderless,$FF,,,,,,,,,,,,,,WindSword,ShieldRing,NoItem,
,,Sif1,UnitTypeEnemy,,,,,,,,,ThiefFighter,30,0,,$020C,ThiefName,,Genderless,$FF,,,,,,,,,,,,,,LandsSword,SpeedRing,NoItem,
,,Tolstoy,UnitTypeEnemy,,,,,,,,,AxeFighter,1,0,,$020D,TolstoyName,,Genderless,$FF,,,,,,,,,,,,,,IronAxe,HandAxe,NoItem,
,,Bormann,UnitTypeEnemy,,,,,,,,,Mage,4,0,,$020E,BormannName,,Genderless,$FF,,,,,,,,,,,,,,Thunder,NoItem,NoItem,
,,Kluge,UnitTypeEnemy,,,,,,,,,LanceKnight,7,0,,$020F,KlugeName,,Genderless,$FF,,,,,,,,,,,,,,SteelLance,Javelin,NoItem,
,,Manstein,UnitTypeEnemy,,,,,,,,,SwordFighter,10,0,,$0210,MansteinName,,Genderless,$FF,,,,,,,,,,,,,,IronSword,NoItem,NoItem,
,,Kastor,UnitTypeEnemy,,,,,,,,,Hunter,10,0,,$0211,KastorName,,Genderless,$FF,,,,,,,,,,,,,,SteelBow,NoItem,NoItem,
,,Hoepner,UnitTypeEnemy,,,,,,,,,LanceArmor,13,0,,$0212,HoepnerName,,Genderless,$FF,,,,,,,,,,,,,,SteelLance,Javelin,NoItem,
,,Languedoc,UnitTypeEnemy,,,,,,,,,Warrior,16,0,,$0213,LanguedocName,,Genderless,$FF,,,,,,,,,,,,,,SilverAxe,SteelBow,NoItem,
,,Wulff,UnitTypeEnemy,,,,,,,,,General,19,0,,$0214,WulffName,,Genderless,$FF,,,,,,,,,,,,,,SilverBlade,SteelBow,NoItem,
,,Dewey,UnitTypeEnemy,,,,,,,,,AxeFighter,5,0,,$0215,DeweyName,,Genderless,$FF,,,,,,,,,,,,,,IronAxe,HandAxe,NoItem,
,,Fet,UnitTypeEnemy,,,,,,,,,ThunderMage,8,0,,$0216,FetName,,Genderless,$FF,,,,,,,,,,,,,,Elthunder,ShieldRing,NoItem,
,,Marshak,UnitTypeEnemy,,,,,,,,,Paladin,11,0,,$0217,MarshakName,,Genderless,$FF,,,,,,,,,,,,,,SteelLance,Javelin,NoItem,
,,Lewis,UnitTypeEnemy,,,,,,,,,SwordFighter,14,0,,$0218,LewisName,,Genderless,$FF,,,,,,,,,,,,,,SteelSword,NoItem,NoItem,
,,Estia,UnitTypeEnemy,,,,,,,,,BowFighter,14,0,,$0219,EstiaName,,GenderFemale,$FF,,,,,,,,,,,,,,SteelBow,NoItem,NoItem,
,,Marder,UnitTypeEnemy,,,,,,,,,MageFighter,17,0,,$021A,MarderName,,Genderless,$FF,,,,,,,,,,,,,,Elfire,ShieldRing,NoItem,
,,Sigismund,UnitTypeEnemy,,,,,,,,,General,20,0,,$021B,SigismundName,,Genderless,$FF,,,,,,,,,,,,,,SteelAxe,SteelBow,NoItem,
,,Zenon1,UnitTypeEnemy,,,,,,,,,Swordmaster,23,0,,$021C,Zenon1Name,,Genderless,$FF,,,,,,,,,,,,,,SilverBlade,NoItem,NoItem,
,,Jackson1,UnitTypeEnemy,,,,,,,,,Sniper,23,0,,$021D,Jackson1Name,,Genderless,$FF,,,,,,,,,,,,,,SilverBow,NoItem,NoItem,
,,Indra1,UnitTypeEnemy,,,,,,,,,Cavalier,9,0,,$021E,Indra1Name,,Genderless,$FF,,,,,,,,,,,,,,SteelSword,NoItem,NoItem,
,,Nietzsche,UnitTypeEnemy,,,,,,,,,BowKnight,9,0,,$021F,NietzscheName,,Genderless,$FF,,,,,,,,,,,,,,SilverBow,NoItem,NoItem,
,,Apostol,UnitTypeEnemy,,,,,,,,,AxeKnight,12,0,,$0220,ApostolName,,Genderless,$FF,,,,,,,,,,,,,,SteelAxe,HandAxe,NoItem,
,,Milliat,UnitTypeEnemy,,,,,,,,,SwordFighter,15,0,,$0221,MilliatName,,GenderFemale,$FF,,,,,,,,,,,,,,BraveSword,NoItem,NoItem,
,,Chiron,UnitTypeEnemy,,,,,,,,,BowArmor,15,0,,$0222,ChironName,,Genderless,$FF,,,,,,,,,,,,,,BraveBow,NoItem,NoItem,
,,Klain,UnitTypeEnemy,,,,,,,,,LanceArmor,18,0,,$0223,KlainName,,Genderless,$FF,,,,,,,,,,,,,,SteelLance,Javelin,NoItem,
,,Suleiman,UnitTypeEnemy,,,,,,,,,FireMage,21,0,,$0224,SuleimanName,,Genderless,$FF,,,,,,,,,,,,,,Elfire,NoItem,NoItem,
,,Trieste,UnitTypeEnemy,,,,,,,,,WyvernKnight,24,0,,$0225,TriesteName,,Genderless,$FF,,,,,,,,,,,,,,BraveLance,Javelin,NoItem,
,,Canaan1,UnitTypeEnemy,,,,,,,,,Baron,27,0,,$0226,Canaan1Name,,Genderless,$FF,,,,,,,,,,,,,,Tornado,MagicRing,NoItem,
,,Hanuman,UnitTypeEnemy,,,,,,,,,WindMage,13,0,,$0227,HanumanName,,Genderless,$FF,,,,,,,,,,,,,,Elwind,NoItem,NoItem,
,,Granz,UnitTypeEnemy,,,,,,,,,Paladin,16,0,,$0228,GranzName,,Genderless,$FF,,,,,,,,,,,,,,SteelSword,NoItem,NoItem,
,,Crossley,UnitTypeEnemy,,,,,,,,,BowKnight,16,0,,$0229,CrossleyName,,Genderless,$FF,,,,,,,,,,,,,,SilverBow,NoItem,NoItem,
,,Rodlanz,UnitTypeEnemy,,,,,,,,,Forester,19,0,,$022A,RodlanzName,,Genderless,$FF,,,,,,,,,,,,,,SilverBlade,WindSword,NoItem,
,,Massigli,UnitTypeEnemy,,,,,,,,,DarkMage,22,0,,$022B,MassigliName,,Genderless,$FF,,,,,,,,,,,,,,Jormungandr,NoItem,NoItem,
,,Rivaz,UnitTypeEnemy,,,,,,,,,GreatKnight,25,0,,$022C,RivazName,,Genderless,$FF,,,,,,,,,,,,,,SilverAxe,NoItem,NoItem,
,,Gloria,UnitTypeEnemy,,,,,,,,,Sniper,25,0,,$022D,GloriaName,,GenderFemale,$FF,,,,,,,,,,,,,,SilverBow,NoItem,NoItem,
,,Naude,UnitTypeEnemy,,,,,,,,,DarkBishop,28,0,,$022E,NaudeName,,Genderless,$FF,,,,,,,,,,,,,,Jormungandr,ShieldRing,NoItem,
,,Indra2,UnitTypeEnemy,,,,,,,,,Queen,30,0,,$022F,Indra2Name,,Genderless,$FF,,,,,,,,,,,,,,Bolganone,SpeedRing,NoItem,
,,Dares2,UnitTypeEnemy,,,,,,,,,General,19,0,,$0230,Dares2Name,,Genderless,$FF,,,,,,,,,,,,,,SteelBlade,SteelBow,NoItem,
,,Keimos2,UnitTypeEnemy,,,,,,,,,Forester,23,0,,$0231,Keimos2Name,,Genderless,$FF,,,,,,,,,,,,,,SteelBlade,NoItem,NoItem,
,,Marilyn2,UnitTypeEnemy,,,,,,,,,Sniper,23,0,,$0232,Marilyn2Name,,GenderFemale,$FF,,,,,,,,,,,,,,SilverBow,NoItem,NoItem,
,,Zenon2,UnitTypeEnemy,,,,,,,,,Swordmaster,23,0,,$0233,Zenon2Name,,Genderless,$FF,,,,,,,,,,,,,,SilverSword,NoItem,NoItem,
,,Jackson2,UnitTypeEnemy,,,,,,,,,Sniper,23,0,,$0234,Jackson2Name,,Genderless,$FF,,,,,,,,,,,,,,KillerBow,NoItem,NoItem,
,,Thornton2,UnitTypeEnemy,,,,,,,,,GreatKnight,27,0,,$0235,Thornton2Name,,Genderless,$FF,,,,,,,,,,,,,,BraveAxe,ShieldRing,NoItem,
,,Mario2,UnitTypeEnemy,,,,,,,,,BowKnight,27,0,,$0236,Mario2Name,,Genderless,$FF,,,,,,,,,,,,,,BraveBow,ShieldRing,NoItem,
,,Canaan2,UnitTypeEnemy,,,,,,,,,Baron,27,0,,$0237,Canaan2Name,,Genderless,$FF,,,,,,,,,,,,,,Tornado,MagicRing,NoItem,
,,Attalus2,UnitTypeEnemy,,,,,,,,,Baron,30,0,,$0238,Attalus2Name,,Genderless,$FF,,,,,,,,,,,,,,Bolganone,SkillRing,NoItem,
,,Zeus,UnitTypeEnemy,,,,,,,,,Emperor,30,0,,$0239,ZeusName,,Genderless,$FF,,,,,,,,,,,,,,LandsSword,FollowUpRing,NoItem,
